"分区","name / Fin Type","code / Code","thicknessMm / Fin Gage (mm)","widthMm / Fin Width (mm)","heightPreBrazingMm / Fin Height Pre-Brazing (mm)","brazingChangeMm / Change During Brazing (mm)","heightPostBrazingMm / Fin Height Post-Brazing (mm)","finPitchMm / Fin Pitch (mm)","finPitchRangeMm / Range of  fin  pitch     (Just for sample) (mm)","rMm / R (mm)","louverLengthFullMm / Louver Length (Full) (mm)","louverLengthOverallMm / Louver Length (Overall) (mm)","louverPitchMm / Louver Pitch (mm)","louverAngleDeg / Louver Angle (°)","louverCount / Louver Number","drawing / Drawing #for mold &Revison","oldDrawing / Old Drawing #&Revison","status / Status","moldCount / Count of mold (ul)","material / Material","clad / Clad","weightPerLengthGm / Weight Per Unit Length (g/m)","product / Product  Where Used","processStatus / Process status","sourceColumnY / 未标注表头","sourceColumnZ / 未标注表头","sourceColumnAA / 未标注表头","stockWidthMm / 料宽 (mm)","sourceColumnE / 未标注表头","sourceColumnF / 未标注表头","sourceColumnG / 未标注表头","sourceColumnJ / 未标注表头","sourceColumnK / 未标注表头","slotLengthMm / 扁槽长度 (mm)","sourceColumnM / 未标注表头","slotPitchMm / 槽间距 (mm)","slotWidthMm / 扁槽宽度 (mm)","来源区域","待核对项"
"主表","B01","310010","0.1","16","8.13","0.03","8.1","1.4","1.3~1.5","≤0.45","6.2","7","1.4","29","8","B01-M001  Rev.S0","121-01Grr  Rev.S0 B01-0000  Rev.A0","Available","","AA3003Mod-H14SR","(AA4343)10±2% for each side","26.80 ","1G16","OK","批量","常规","","","","","","","","","","","","Fin!A6:AA6","I6: Range of  fin  pitch     (Just for sample) 原文为 ""1.3~1.5""，不能作为单一数值使用；J6: R 原文为 ""≤0.45""，不能作为单一数值使用；Y6: 本分区该列没有表头，保留原值，未猜测字段含义；Z6: 本分区该列没有表头，保留原值，未猜测字段含义"
"主表","B02","310020","0.1","16","8.15","0.05","8.1","1.2","1.1~1.3","≤0.6","6.2","6.8","1.5","29","8","B02-M001  Rev.S0","B05-0000  Rev.A0","Available","","AA3003Mod-H14SR","(AA4343)10±2% for each side","31.26 ","1G16B","","研发刀具","常规","","","","","","","","","","","","Fin!A7:AA7","I7: Range of  fin  pitch     (Just for sample) 原文为 ""1.1~1.3""，不能作为单一数值使用；J7: R 原文为 ""≤0.6""，不能作为单一数值使用；Y7: 本分区该列没有表头，保留原值，未猜测字段含义；Z7: 本分区该列没有表头，保留原值，未猜测字段含义"
"主表","B04","310040","0.08","16","6.53","0.03","6.5","1.1","1.1-1.2","≤0.45","4.9 ","5.6","1.1","27","12","","B07-0000  Rev.A0","Available","","AA3003Mod-H14SR","(AA4343)10±2% for each side","34.11 ","5G16 CON","checking","批量","常规","","","","","","","","","","","","Fin!A8:AA8","I8: Range of  fin  pitch     (Just for sample) 原文为 ""1.1-1.2""，不能作为单一数值使用；J8: R 原文为 ""≤0.45""，不能作为单一数值使用；Y8: 本分区该列没有表头，保留原值，未猜测字段含义；Z8: 本分区该列没有表头，保留原值，未猜测字段含义"
"主表","B05","310050","0.08","16","6.53","0.03","6.5","1.6","","≤0.45","4.3 ","5.6","1.65","45","8","","121-05001  Rev.S1  B08-0000  Rev.A0","Available","","AA3003Mod-H14SR","(AA4343)10±2% for each side","23.45 ","5G16 EV/HP","checking","批量","常规","","","","","","","","","","","","Fin!A9:AA9","I9: Range of  fin  pitch     (Just for sample) 原文为 空白，不能作为单一数值使用；J9: R 原文为 ""≤0.45""，不能作为单一数值使用；Y9: 本分区该列没有表头，保留原值，未猜测字段含义；Z9: 本分区该列没有表头，保留原值，未猜测字段含义"
"主表","B06","310060","0.08","16","8.13","0.03","8.1","1.1","1.1~1.2","≤0.45","6.0 ","7","1.1","27","12","B06-M001  Rev.S1","B10-0000  Rev.S2","Available","","AA3003Mod-H14SR","(AA4343)10±2% for each side","34.11 ","2G16","","批量","常规","","","","","","","","","","","","Fin!A10:AA10","I10: Range of  fin  pitch     (Just for sample) 原文为 ""1.1~1.2""，不能作为单一数值使用；J10: R 原文为 ""≤0.45""，不能作为单一数值使用；Y10: 本分区该列没有表头，保留原值，未猜测字段含义；Z10: 本分区该列没有表头，保留原值，未猜测字段含义"
"主表","B08","310080","0.09","16","11.43","0.03","11.4","1.1","1.1~1.2","≤0.45","9.5 ","10.2","1.06","27","12","B08-M001  Rev.02","B08-M001  Rev.01","Available","","AA3003Mod-H14SR","(AA4343)10±2% for each side","34.11 ","3G16 Option 2","OK","批量","常规","","","","","","","","","","","","Fin!A11:AA11","I11: Range of  fin  pitch     (Just for sample) 原文为 ""1.1~1.2""，不能作为单一数值使用；J11: R 原文为 ""≤0.45""，不能作为单一数值使用；Y11: 本分区该列没有表头，保留原值，未猜测字段含义；Z11: 本分区该列没有表头，保留原值，未猜测字段含义"
"主表","B09","310090","0.08","16","8.13","0.03","8.1","1.6","1.5-1.7","≤0.45","6.0 ","7","1.1","40","12","B09-M001 Rev.S0","","Available","","AA3003Mod-H14SR","(AA4343)10±2% for each side","23.45 ","E116","OK","批量","常规","1","","","","","","","","","","","Fin!A12:AA12","I12: Range of  fin  pitch     (Just for sample) 原文为 ""1.5-1.7""，不能作为单一数值使用；J12: R 原文为 ""≤0.45""，不能作为单一数值使用；Y12: 本分区该列没有表头，保留原值，未猜测字段含义；Z12: 本分区该列没有表头，保留原值，未猜测字段含义；AA12: 本分区该列没有表头，保留原值，未猜测字段含义"
"主表","B0a","310100","0.08","16","8.13","0.03","8.1","1.6","1.5-1.7","≤0.45","6.0 ","7","1.1","45","12","B0a-M001 Rev.S1","","Available","","AA3003Mod-H14SR","(AA4343)10±2% for each side","23.45 ","E216","OK","批量","常规","1","","","","","","","","","","","Fin!A13:AA13","I13: Range of  fin  pitch     (Just for sample) 原文为 ""1.5-1.7""，不能作为单一数值使用；J13: R 原文为 ""≤0.45""，不能作为单一数值使用；Y13: 本分区该列没有表头，保留原值，未猜测字段含义；Z13: 本分区该列没有表头，保留原值，未猜测字段含义；AA13: 本分区该列没有表头，保留原值，未猜测字段含义"
"主表","B0e","310140","0.08","16","11.43","0.03","11.4","1.6","1.5-1.7","≤0.45","9.0 ","10.1","1.34","45","10","B0e-M001  Rev.S0","","Available","","AA3003Mod-H14SR","(AA4343)10±2% for each side","23.45 ","H1164","","批量","常规","1","","","","","","","","","","","Fin!A14:AA14","I14: Range of  fin  pitch     (Just for sample) 原文为 ""1.5-1.7""，不能作为单一数值使用；J14: R 原文为 ""≤0.45""，不能作为单一数值使用；Y14: 本分区该列没有表头，保留原值，未猜测字段含义；Z14: 本分区该列没有表头，保留原值，未猜测字段含义；AA14: 本分区该列没有表头，保留原值，未猜测字段含义"
"主表","B0eA","","0.08","16","11.43","0.03","11.4","1.4","1.3-1.4","≤0.45","9.0 ","10.1","1.34","45","10","B0e-M001  Rev.S0","","Available","","AA3003Mod-H14SR","(AA4343)10±2% for each side","26.80 ","H1164","","批量","常规","大明市新开","","","","","","","","","","","Fin!A15:AA15","I15: Range of  fin  pitch     (Just for sample) 原文为 ""1.3-1.4""，不能作为单一数值使用；J15: R 原文为 ""≤0.45""，不能作为单一数值使用；Y15: 本分区该列没有表头，保留原值，未猜测字段含义；Z15: 本分区该列没有表头，保留原值，未猜测字段含义；AA15: 本分区该列没有表头，保留原值，未猜测字段含义；B15: Code/ERP 空白或为说明文字；未补造编号，原文保留"
"主表","B0f","310150","0.08","16","8","0","8","1.1","1.1~1.2","≤0.45","","6.4","1.2","24","8","B0f-M001  Rev.S0","","Available","","AA3003Mod-H14SR","(AA4343)10±2% for each side","34.11 ","FLP","OK","批量","常规","","","","","","","","","","","","Fin!A16:AA16","I16: Range of  fin  pitch     (Just for sample) 原文为 ""1.1~1.2""，不能作为单一数值使用；J16: R 原文为 ""≤0.45""，不能作为单一数值使用；K16: Louver Length (Full) 原文为 空白，不能作为单一数值使用；Y16: 本分区该列没有表头，保留原值，未猜测字段含义；Z16: 本分区该列没有表头，保留原值，未猜测字段含义；B16: Code/ERP 310150 对应多个型号：B0f、B150；未合并或覆盖"
"主表","B0h","310170","0.08","16","8.13","0.03","8.1","2.1","","≤0.45","5.3 ","7","1.65","45","8","B0h-M001 Rev.S0","","Available","","AA3003Mod-H14SR","(AA4343)10±2% for each side","17.87 ","","OK","批量","常规","1","","","","","","","","","","","Fin!A17:AA17","I17: Range of  fin  pitch     (Just for sample) 原文为 空白，不能作为单一数值使用；J17: R 原文为 ""≤0.45""，不能作为单一数值使用；Y17: 本分区该列没有表头，保留原值，未猜测字段含义；Z17: 本分区该列没有表头，保留原值，未猜测字段含义；AA17: 本分区该列没有表头，保留原值，未猜测字段含义"
"主表","B0hAZ","","0.08","16","8.13","0.03","8.1","2.1","","≤0.45","5.3 ","7","1.65","45","8","B0h-M001 Rev.S0","","Available","","AA3003Mod-H14SR","(AA4343)10±2% for each side","17.87 ","","OK","批量","常规","1","","","","","","","","","","","Fin!A18:AA18","I18: Range of  fin  pitch     (Just for sample) 原文为 空白，不能作为单一数值使用；J18: R 原文为 ""≤0.45""，不能作为单一数值使用；Y18: 本分区该列没有表头，保留原值，未猜测字段含义；Z18: 本分区该列没有表头，保留原值，未猜测字段含义；AA18: 本分区该列没有表头，保留原值，未猜测字段含义；B18: Code/ERP 空白或为说明文字；未补造编号，原文保留"
"主表","B0i","310180","0.08","16","8.11","0.01","8.1","1.8","1.7-1.9","≤0.45","5.6 ","7","1.65","45","8","B0i-M001  Rev.S0","由B0bA  Rev.01更改而来","Available","","AA3003Mod-H14SR","(AA4343)10±2% for each side","20.84 ","H1161","OK","批量","常规","2","","","","","","","","","","","Fin!A19:AA19","I19: Range of  fin  pitch     (Just for sample) 原文为 ""1.7-1.9""，不能作为单一数值使用；J19: R 原文为 ""≤0.45""，不能作为单一数值使用；Y19: 本分区该列没有表头，保留原值，未猜测字段含义；Z19: 本分区该列没有表头，保留原值，未猜测字段含义；AA19: 本分区该列没有表头，保留原值，未猜测字段含义"
"主表","B0n","310230","0.08","16","8.13","0.03","8.1","1.4","","0.3","5.8 ","6.8","1.1","27","12","B0n-M001Rev.S0","","Available","","AA3003Mod-H14SR","(AA4343)10±2% for each side","26.80 ","平顶FLP","OK","批量","平顶","","","","","","","","","","","","Fin!A20:AA20","I20: Range of  fin  pitch     (Just for sample) 原文为 空白，不能作为单一数值使用；Y20: 本分区该列没有表头，保留原值，未猜测字段含义；Z20: 本分区该列没有表头，保留原值，未猜测字段含义"
"主表","B0m","310220","0.08","16","5.42","0.02","5.4","1.1","","≤0.45","","4.1","1.1","27","12","B0m-M001","","Available","","AA3003Mod-H14SR","(AA4343)10±2% for each side","34.11 ","","","批量","边翅","","","","","","","","","","","","Fin!A21:AA21","I21: Range of  fin  pitch     (Just for sample) 原文为 空白，不能作为单一数值使用；J21: R 原文为 ""≤0.45""，不能作为单一数值使用；K21: Louver Length (Full) 原文为 空白，不能作为单一数值使用；Y21: 本分区该列没有表头，保留原值，未猜测字段含义；Z21: 本分区该列没有表头，保留原值，未猜测字段含义"
"主表","B0t","310270","0.08","16","8.13","0.03","8.1","1.6","1.5-1.7","≤0.45","6.0 ","7","1.5","40","6","B0t-M001Rev.S0","由B59-M001变种而来","Available","","AA3003Mod-H14SR","(AA4343)10±2% for each side","23.45 ","新结构For HP","OK","批量","压脚翅片","1","","","","","","","","","","","Fin!A22:AA22","I22: Range of  fin  pitch     (Just for sample) 原文为 ""1.5-1.7""，不能作为单一数值使用；J22: R 原文为 ""≤0.45""，不能作为单一数值使用；Y22: 本分区该列没有表头，保留原值，未猜测字段含义；Z22: 本分区该列没有表头，保留原值，未猜测字段含义；AA22: 本分区该列没有表头，保留原值，未猜测字段含义；B22: Code/ERP 310270 对应多个型号：B0t、B0tA；未合并或覆盖"
"主表","B0tA","310270","0.08","16","8.13","0.03","8.1","1.4","1.3-1.5","≤0.45","6.0 ","7","1.5","40","6","B0t-M001Rev.S0","由B59-M001变种而来","Available","","AA3003Mod-H14SR","(AA4343)10±2% for each side","26.80 ","新结构For HP","OK","批量","压脚翅片","大明市新开","","","","","","","","","","","Fin!A23:AA23","I23: Range of  fin  pitch     (Just for sample) 原文为 ""1.3-1.5""，不能作为单一数值使用；J23: R 原文为 ""≤0.45""，不能作为单一数值使用；Y23: 本分区该列没有表头，保留原值，未猜测字段含义；Z23: 本分区该列没有表头，保留原值，未猜测字段含义；AA23: 本分区该列没有表头，保留原值，未猜测字段含义；B23: Code/ERP 310270 对应多个型号：B0t、B0tA；未合并或覆盖"
"主表","B0w","310285","0.08","16","11.43","0.03","11.4","1","","≤0.45","9.6 ","10.2","0.73","27","18","B0w-M001  Rev.S0","","Available","","AA3003Mod-H14SR","(AA4343)10±2% for each side","37.52 ","3G16","","研发刀具","常规","","","","","","","","","","","","Fin!A24:AA24","I24: Range of  fin  pitch     (Just for sample) 原文为 空白，不能作为单一数值使用；J24: R 原文为 ""≤0.45""，不能作为单一数值使用；Y24: 本分区该列没有表头，保留原值，未猜测字段含义；Z24: 本分区该列没有表头，保留原值，未猜测字段含义"
"主表","B0x","310290","0.08","16","11.43","0.03","11.4","1.4","1.3-1.5","≤0.45","9.3 ","10.3","1.15","45","8","B0x-M001Rev.S0","","Available","","MOP-B01","","26.80 ","","","研发刀具","常规","","","","","","","","","","","","Fin!A25:AA25","I25: Range of  fin  pitch     (Just for sample) 原文为 ""1.3-1.5""，不能作为单一数值使用；J25: R 原文为 ""≤0.45""，不能作为单一数值使用；Y25: 本分区该列没有表头，保留原值，未猜测字段含义；Z25: 本分区该列没有表头，保留原值，未猜测字段含义"
"主表","B621","390443","0.08","16","8.13","0.03","8.1","1.4","1.3~1.5","0.6","6.2","6.8","1.4","27","8","","","","30","AA3003Mod-H14SR","(AA4343)10±2% for each side","26.80 ","1G16","OK","OK","","","","","","","","","","","","","Fin!A26:AA26","I26: Range of  fin  pitch     (Just for sample) 原文为 ""1.3~1.5""，不能作为单一数值使用；Y26: 本分区该列没有表头，保留原值，未猜测字段含义"
"主表","B11","311010","0.09","18","11.43","0.03","11.4","1.1","1.1~1.2","≤0.45","9.3 ","10.3","1.06","27","14","B11-M001  Rev.S0","B23-0000 Rev.S3","Available","","AA3003Mod-H14SR","(AA4343)10±2% for each side","38.37 ","3G18","OK","批量","常规","","","","","","","","","","","","Fin!A27:AA27","I27: Range of  fin  pitch     (Just for sample) 原文为 ""1.1~1.2""，不能作为单一数值使用；J27: R 原文为 ""≤0.45""，不能作为单一数值使用；Y27: 本分区该列没有表头，保留原值，未猜测字段含义；Z27: 本分区该列没有表头，保留原值，未猜测字段含义"
"主表","B15","311050","0.09","18","7.62","0.02","7.6","1.1","1.1~1.2","≤0.45","5.5","6.1","1.14","25","12","B15-M001  Rev.S0","","Available","","AA3003Mod-H14SR","(AA4343)10±2% for each side","38.37 ","","OK","批量","常规","","","","","","","","","","","","Fin!A28:AA28","I28: Range of  fin  pitch     (Just for sample) 原文为 ""1.1~1.2""，不能作为单一数值使用；J28: R 原文为 ""≤0.45""，不能作为单一数值使用；Y28: 本分区该列没有表头，保留原值，未猜测字段含义；Z28: 本分区该列没有表头，保留原值，未猜测字段含义"
"主表","B16","311060","0.07","17","8.13","0.03","8.1","1.4","","≤0.45","","7","1.4","24","8","B16-M001  Rev.S0","","Available","","AA3003Mod-H14SR","非复合翅片","28.47 ","","","批量","仅限非复合","","","","","","","","","","","","Fin!A29:AA29","I29: Range of  fin  pitch     (Just for sample) 原文为 空白，不能作为单一数值使用；J29: R 原文为 ""≤0.45""，不能作为单一数值使用；K29: Louver Length (Full) 原文为 空白，不能作为单一数值使用；Y29: 本分区该列没有表头，保留原值，未猜测字段含义；Z29: 本分区该列没有表头，保留原值，未猜测字段含义"
"主表","B17","311070","0.09","18","11.45","0.05","11.4","1.1","","≤0.45","9.8","10.3","1.06","27","12","B17-M001  Rev.S0","","Available","","AA3003Mod-H14SR","(AA4343)10±2% for each side","38.37 ","","","批量","","","","","","","","","","","","","Fin!A30:AA30","I30: Range of  fin  pitch     (Just for sample) 原文为 空白，不能作为单一数值使用；J30: R 原文为 ""≤0.45""，不能作为单一数值使用；Y30: 本分区该列没有表头，保留原值，未猜测字段含义"
"主表","B21","312010","0.1","20","8.13","0.03","8.1","1.4","1.3-1.5","≤0.45","6","7.0","1.35","30","12","B21-M001  Rev.01","由B21-M001  Rev.00更改而来","Available","","AA3003Mod-H14SR","(AA4343)10±2% for each side","33.50 ","1G20B","","批量","常规","","","","","","","","","","","","Fin!A31:AA31","I31: Range of  fin  pitch     (Just for sample) 原文为 ""1.3-1.5""，不能作为单一数值使用；J31: R 原文为 ""≤0.45""，不能作为单一数值使用；Y31: 本分区该列没有表头，保留原值，未猜测字段含义；Z31: 本分区该列没有表头，保留原值，未猜测字段含义"
"主表","B23","312030","0.1","20","8.13","0.03","8.1","1.2","1.1~1.3","≤0.45","6","7.0","1.35","30","12","B23-M001  Rev.01","由B23-M001  Rev.00更改而来","Available","","AA3003Mod-H14SR","(AA4343)10±2% for each side","39.08 ","1G20B","OK","批量","常规","","","","","","","","","","","","Fin!A32:AA32","I32: Range of  fin  pitch     (Just for sample) 原文为 ""1.1~1.3""，不能作为单一数值使用；J32: R 原文为 ""≤0.45""，不能作为单一数值使用；Y32: 本分区该列没有表头，保留原值，未猜测字段含义；Z32: 本分区该列没有表头，保留原值，未猜测字段含义"
"主表","B31","313010","0.08","20.6","8.13","0.03","8.1","1.1","1.1~1.2","≤0.45","6.0 ","7","1.1","27","16","B31-M001  Rev.S0","B12-0000  Rev.S2","Available","","AA3003Mod-H14SR","(AA4343)10±2% for each side","43.91 ","2G20","OK","批量","常规","","","","","","","","","","","","Fin!A33:AA33","I33: Range of  fin  pitch     (Just for sample) 原文为 ""1.1~1.2""，不能作为单一数值使用；J33: R 原文为 ""≤0.45""，不能作为单一数值使用；Y33: 本分区该列没有表头，保留原值，未猜测字段含义；Z33: 本分区该列没有表头，保留原值，未猜测字段含义"
"主表","B32","313020","0.08","20.6","8.11","0.01","8.1","1.6","1.5~1.7","≤0.45","6.0 ","7","1.25","40","14","B32-M001  Rev.S0","B15-0000 Rev.S2","Available","","AA3003Mod-H14SR","(AA4343)10±2% for each side","30.19 ","H1201","OK","批量","常规","1","","","","","","","","","","","Fin!A34:AA34","I34: Range of  fin  pitch     (Just for sample) 原文为 ""1.5~1.7""，不能作为单一数值使用；J34: R 原文为 ""≤0.45""，不能作为单一数值使用；Y34: 本分区该列没有表头，保留原值，未猜测字段含义；Z34: 本分区该列没有表头，保留原值，未猜测字段含义；AA34: 本分区该列没有表头，保留原值，未猜测字段含义"
"主表","B32A","","0.08","20.6","8.11","0.01","8.1","1.3","1.2-1.4","≤0.45","6.0 ","7","1.25","40","14","B32-M001  Rev.S0","B15-0000 Rev.S2","Available","","AA3003Mod-H14SR","(AA4343)10±2% for each side","37.16 ","H1201","OK","批量","常规","1","","","","","","","","","","","Fin!A35:AA35","I35: Range of  fin  pitch     (Just for sample) 原文为 ""1.2-1.4""，不能作为单一数值使用；J35: R 原文为 ""≤0.45""，不能作为单一数值使用；Y35: 本分区该列没有表头，保留原值，未猜测字段含义；Z35: 本分区该列没有表头，保留原值，未猜测字段含义；AA35: 本分区该列没有表头，保留原值，未猜测字段含义；B35: Code/ERP 空白或为说明文字；未补造编号，原文保留"
"主表","B33","313030","0.08","20.6","8.13","0.03","8.1","1.6","1.5~1.7","≤0.45","6.0 ","7","1.5","40","12","B33-M001  Rev.S0","B21-0000 Rev.S2","Available","","AA3003Mod-H14SR","(AA4343)10±2% for each side","30.19 ","H1202","OK","批量","常规","1","","","","","","","","","","","Fin!A36:AA36","I36: Range of  fin  pitch     (Just for sample) 原文为 ""1.5~1.7""，不能作为单一数值使用；J36: R 原文为 ""≤0.45""，不能作为单一数值使用；Y36: 本分区该列没有表头，保留原值，未猜测字段含义；Z36: 本分区该列没有表头，保留原值，未猜测字段含义；AA36: 本分区该列没有表头，保留原值，未猜测字段含义"
"主表","B34","313040","0.08","20.6","11.43","0.03","11.4","1.6","1.5~1.7","≤0.45","9.0 ","10.1","1.5","40","12","B34-M001  Rev.S0","B22-0000 Rev.S5","Available","","AA3003Mod-H14SR","(AA4343)10±2% for each side","30.19 ","H1203","OK","研发刀具","报废","","","","","","","","","","","","Fin!A37:AA37","I37: Range of  fin  pitch     (Just for sample) 原文为 ""1.5~1.7""，不能作为单一数值使用；J37: R 原文为 ""≤0.45""，不能作为单一数值使用；Y37: 本分区该列没有表头，保留原值，未猜测字段含义；Z37: 本分区该列没有表头，保留原值，未猜测字段含义；Z37: 原表存在使用、制造或图纸限制，请保留原文并核对当前状态"
"主表","B37","313070","0.1","20.6","8.13","0.03","8.1","3","","0.5","","7","1.8","45","10","B37-M001 Rev.S0","","Available","","AA3003Mod-H14SR","(AA4343)10±2% for each side","16.10 ","H1206","OK","批量","常规","","","","","","","","","","","","Fin!A38:AA38","I38: Range of  fin  pitch     (Just for sample) 原文为 空白，不能作为单一数值使用；K38: Louver Length (Full) 原文为 空白，不能作为单一数值使用；Y38: 本分区该列没有表头，保留原值，未猜测字段含义；Z38: 本分区该列没有表头，保留原值，未猜测字段含义"
"主表","B3a","313100","0.08","20.6","8.13","0.03","8.1","1.8","1.7-1.9","≤0.45","5.8 ","7","1.5","40","12","B33-M001  Rev.00","由B33A-M001 Rev：01更改而来","Available","","AA3003Mod-H14SR","(AA4343)10±2% for each side","26.84 ","H1202","OK","批量","常规","1","","","","","","","","","","","Fin!A39:AA39","I39: Range of  fin  pitch     (Just for sample) 原文为 ""1.7-1.9""，不能作为单一数值使用；J39: R 原文为 ""≤0.45""，不能作为单一数值使用；Y39: 本分区该列没有表头，保留原值，未猜测字段含义；Z39: 本分区该列没有表头，保留原值，未猜测字段含义；AA39: 本分区该列没有表头，保留原值，未猜测字段含义"
"主表","B3e","313123","0.08","25.4","8.13","0.03","8.1","1.6","","≤0.45","6.0 ","7","1.5","45","6","B3e-M001 Rev.00","","Available","","AA3003Mod-H14SR","","37.22 ","压脚翅片","Checking","批量","压脚翅片","","","","","","","","","","","","Fin!A40:AA40","I40: Range of  fin  pitch     (Just for sample) 原文为 空白，不能作为单一数值使用；J40: R 原文为 ""≤0.45""，不能作为单一数值使用；Y40: 本分区该列没有表头，保留原值，未猜测字段含义；Z40: 本分区该列没有表头，保留原值，未猜测字段含义"
"主表","B3f","313124","0.08","20.6","6.53","0.03","6.5","1.6","","≤0.45","4.6 ","5.6","1.5","45","12","B3f-M001 Rev.00","","Available","","AA3003Mod-H14SR","","30.19 ","5G20 EV/HP","checking","家电","常规","","","","","","","","","","","","Fin!A41:AA41","I41: Range of  fin  pitch     (Just for sample) 原文为 空白，不能作为单一数值使用；J41: R 原文为 ""≤0.45""，不能作为单一数值使用；Y41: 本分区该列没有表头，保留原值，未猜测字段含义；Z41: 本分区该列没有表头，保留原值，未猜测字段含义"
"主表","B3h","313126","0.08","20.6","8.13","","","2.0 ","12.7","≤0.9","","7","1.5","45","12","Ba4","保留","","","","","","","","家电","常规（无图纸）","","","","","","","","","","","","Fin!A42:AA42","F42: Change During Brazing 原文为 空白，不能作为单一数值使用；G42: Fin Height Post-Brazing 原文为 空白，不能作为单一数值使用；I42: Range of  fin  pitch     (Just for sample) 原文为 12.7，不能作为单一数值使用；J42: R 原文为 ""≤0.9""，不能作为单一数值使用；K42: Louver Length (Full) 原文为 空白，不能作为单一数值使用；Y42: 本分区该列没有表头，保留原值，未猜测字段含义；Z42: 本分区该列没有表头，保留原值，未猜测字段含义；I42: 片距范围列为单一数字，范围含义及单位需核对；Z42: 原表存在使用、制造或图纸限制，请保留原文并核对当前状态"
"主表","B3g","313125","0.08","20.6","5.35","","","1.5","","0.5","","4.7","0.9","34","18","HX-Bh5-0000
Rev.S0","保留","","","","","","","","","","","","","","","","","","","","","Fin!A43:AA43","F43: Change During Brazing 原文为 空白，不能作为单一数值使用；G43: Fin Height Post-Brazing 原文为 空白，不能作为单一数值使用；I43: Range of  fin  pitch     (Just for sample) 原文为 空白，不能作为单一数值使用；K43: Louver Length (Full) 原文为 空白，不能作为单一数值使用"
"主表","B3q","313132","0.08","20.6","8.13","0.03","8.1","2.1","","0.55","4.6 ","6.5 ","变","40","6","","","Available","","AA3003Mod-H14SR","","23.00 ","","","研发刀具","凸出开窗非均匀","","","","","","","","","","","","Fin!A44:AA44","I44: Range of  fin  pitch     (Just for sample) 原文为 空白，不能作为单一数值使用；M44: Louver Pitch 原文为 ""变""，不能作为单一数值使用；Y44: 本分区该列没有表头，保留原值，未猜测字段含义；Z44: 本分区该列没有表头，保留原值，未猜测字段含义"
"主表","B3t","313134","0.08","20.6","6.53","0.03","6.5","1.3","","≤0.45","5.0 ","5.6 ","1.1","变","17","","","Available","","AA3003Mod-H14SR","","37.16 ","","","研发刀具","角度非均匀","","","","","","","","","","","","Fin!A45:AA45","I45: Range of  fin  pitch     (Just for sample) 原文为 空白，不能作为单一数值使用；J45: R 原文为 ""≤0.45""，不能作为单一数值使用；N45: Louver Angle 原文为 ""变""，不能作为单一数值使用；Y45: 本分区该列没有表头，保留原值，未猜测字段含义；Z45: 本分区该列没有表头，保留原值，未猜测字段含义"
"主表","B3x","313138","0.08","20.6","6.53","0.03","6.5","1.1","1.1~1.2","≤0.45","4.9 ","5.6 ","1.1","27","16","B31-M001  Rev.S0","","Available","","AA3003Mod-H14SR","(AA4343)10±2% for each side","43.91 ","5G20","OK","研发刀具","常规","","","","","","","","","","","","Fin!A46:AA46","I46: Range of  fin  pitch     (Just for sample) 原文为 ""1.1~1.2""，不能作为单一数值使用；J46: R 原文为 ""≤0.45""，不能作为单一数值使用；Y46: 本分区该列没有表头，保留原值，未猜测字段含义；Z46: 本分区该列没有表头，保留原值，未猜测字段含义"
"主表","B3z","313135","0.08","20.6","6.53","0.03","6.5","1.4","","≤0.45","5.0 ","5.6 ","1.05","变","18","","","Available","","AA3003Mod-H14SR","","34.50 ","","","研发刀具","角度非均匀","","","","","","","","","","","","Fin!A47:AA47","I47: Range of  fin  pitch     (Just for sample) 原文为 空白，不能作为单一数值使用；J47: R 原文为 ""≤0.45""，不能作为单一数值使用；N47: Louver Angle 原文为 ""变""，不能作为单一数值使用；Y47: 本分区该列没有表头，保留原值，未猜测字段含义；Z47: 本分区该列没有表头，保留原值，未猜测字段含义"
"主表","B308","390084","0.09","20.6","13.03","0.03","13","3","3-3.2","≤0.45","10.0 ","11.0 ","1.5","45","12","","","Available","","AA3003Mod-H14SR","","16.10 ","","","研发刀具","常规","","","","","","","","","","","","Fin!A48:AA48","I48: Range of  fin  pitch     (Just for sample) 原文为 ""3-3.2""，不能作为单一数值使用；J48: R 原文为 ""≤0.45""，不能作为单一数值使用；Y48: 本分区该列没有表头，保留原值，未猜测字段含义；Z48: 本分区该列没有表头，保留原值，未猜测字段含义"
"主表","B312","310312","0.08","20.6","6.53","0.03","6.5","1.4","1.3~1.5","≤0.45","4.5 ","5.6 ","1.1","50","16","B3x-M001 Rev.S0","","Available","","AA3003Mod-H14SR","(AA4343)10±2% for each side","34.50 ","","","研发刀具","常规","","","","","","","","","","","","Fin!A49:AA49","I49: Range of  fin  pitch     (Just for sample) 原文为 ""1.3~1.5""，不能作为单一数值使用；J49: R 原文为 ""≤0.45""，不能作为单一数值使用；Y49: 本分区该列没有表头，保留原值，未猜测字段含义；Z49: 本分区该列没有表头，保留原值，未猜测字段含义"
"主表","B313","310313","0.1","20.6","8.13","0.03","8.1","1.4","","平顶","","","","","","","","Available","","AA3003Mod-H15SR","(AA4343)10±3% for each side","34.50 ","","","研发刀具","不开窗","","","","","","","","","","","","Fin!A50:AA50","I50: Range of  fin  pitch     (Just for sample) 原文为 空白，不能作为单一数值使用；J50: R 原文为 ""平顶""，不能作为单一数值使用；K50: Louver Length (Full) 原文为 空白，不能作为单一数值使用；L50: Louver Length (Overall) 原文为 空白，不能作为单一数值使用；M50: Louver Pitch 原文为 空白，不能作为单一数值使用；N50: Louver Angle 原文为 空白，不能作为单一数值使用；O50: Louver Number 原文为 空白，不能作为单一数值使用；Y50: 本分区该列没有表头，保留原值，未猜测字段含义；Z50: 本分区该列没有表头，保留原值，未猜测字段含义"
"主表","B315","313015","0.1","20.6","8.13","0.03","8.1","1.1","","≤0.45","","7","1.1","27","16","B315-M001","","Available","","AA3003Mod-H15SR","(AA4343)10±3% for each side","43.91 ","2G20加厚","","研发刀具","常规","","","","","","","","","","","","Fin!A51:AA51","I51: Range of  fin  pitch     (Just for sample) 原文为 空白，不能作为单一数值使用；J51: R 原文为 ""≤0.45""，不能作为单一数值使用；K51: Louver Length (Full) 原文为 空白，不能作为单一数值使用；Y51: 本分区该列没有表头，保留原值，未猜测字段含义；Z51: 本分区该列没有表头，保留原值，未猜测字段含义"
"主表","B42","314020","0.08","25.4","8.13","0.03","8.1","1.1","1.1~1.2","≤0.45","5.8 ","7","1.1","27","20","B42-M001  Rev.S0","B13-0000  Rev.S2","Available","","AA3003Mod-H14SR","(AA4343)10±2% for each side","54.14 ","2G25","OK","批量","常规","","","","","","","","","","","","Fin!A52:AA52","I52: Range of  fin  pitch     (Just for sample) 原文为 ""1.1~1.2""，不能作为单一数值使用；J52: R 原文为 ""≤0.45""，不能作为单一数值使用；Y52: 本分区该列没有表头，保留原值，未猜测字段含义；Z52: 本分区该列没有表头，保留原值，未猜测字段含义"
"主表","B43","314030","0.08","25.4","8.13","0.03","8.1","1.6","1.5~1.7","≤0.45","5.8 ","7","1.4","40","16","B43-M001  Rev.S0","B14-0000  Rev.S1","Available","","AA3003Mod-H14SR","(AA4343)10±2% for each side","37.22 ","E125","OK","研发刀具","常规","","","","","","","","","","","","Fin!A53:AA53","I53: Range of  fin  pitch     (Just for sample) 原文为 ""1.5~1.7""，不能作为单一数值使用；J53: R 原文为 ""≤0.45""，不能作为单一数值使用；Y53: 本分区该列没有表头，保留原值，未猜测字段含义；Z53: 本分区该列没有表头，保留原值，未猜测字段含义"
"主表","B43E","314035","0.08","25.4","8.13","0.03","8.1","1.2","1.1-1.4","≤0.45","5.8 ","7","1.4","40","16","B43-M001  Rev.S0","B14-0000  Rev.S1","Available","","AA3003Mod-H14SR","(AA4343)10±2% for each side","49.63 ","E125","","研发刀具","常规","","","","","","","","","","","","Fin!A54:AA54","I54: Range of  fin  pitch     (Just for sample) 原文为 ""1.1-1.4""，不能作为单一数值使用；J54: R 原文为 ""≤0.45""，不能作为单一数值使用；Y54: 本分区该列没有表头，保留原值，未猜测字段含义；Z54: 本分区该列没有表头，保留原值，未猜测字段含义"
"主表","B44","314040","0.08","25.4","8.13","0.03","8.1","1.6","1.5~1.7","≤0.45","5.8 ","7","1.1","40","20","B44-M001  Rev.S0","B16-0000  Rev.S1","Available","","AA3003Mod-H14SR","(AA4343)10±2% for each side","37.22 ","E225","OK","批量","常规","1","","","","","","","","","","","Fin!A55:AA55","I55: Range of  fin  pitch     (Just for sample) 原文为 ""1.5~1.7""，不能作为单一数值使用；J55: R 原文为 ""≤0.45""，不能作为单一数值使用；Y55: 本分区该列没有表头，保留原值，未猜测字段含义；Z55: 本分区该列没有表头，保留原值，未猜测字段含义；AA55: 本分区该列没有表头，保留原值，未猜测字段含义"
"主表","B45","314050","0.08","25.4","8.13","0.03","8.1","1.6","1.5~1.7","≤0.45","5.8 ","7","1.25","40","18","B45-M001  Rev.01","由B17-0000  Rev.00更改而来","Available","","AA3003Mod-H14SR","(AA4343)10±2% for each side","37.22 ","E325","OK","批量","常规","","","","","","","","","","","","Fin!A56:AA56","I56: Range of  fin  pitch     (Just for sample) 原文为 ""1.5~1.7""，不能作为单一数值使用；J56: R 原文为 ""≤0.45""，不能作为单一数值使用；Y56: 本分区该列没有表头，保留原值，未猜测字段含义；Z56: 本分区该列没有表头，保留原值，未猜测字段含义"
"主表","B47","390243","0.1","25.4","8.13","0.03","8.1","3","","0.3&0.8","6.20 ","7.2","1.6","45","14","B47-M001 Rev.S0","","Available","","AA3003Mod-H14SR","(AA4343)10±2% for each side","19.85 ","","OK","研发刀具","常规","","","","","","","","","","","","Fin!A57:AA57","I57: Range of  fin  pitch     (Just for sample) 原文为 空白，不能作为单一数值使用；J57: R 原文为 ""0.3&0.8""，不能作为单一数值使用；Y57: 本分区该列没有表头，保留原值，未猜测字段含义；Z57: 本分区该列没有表头，保留原值，未猜测字段含义"
"主表","B49","314090","0.08","25.4","8.13","0.03","8.1","1.5","1.4~1.6","≤0.45","5.80 ","7","1.1","45","20","B49-M001  Rev.02","由B49-M001  Rev.01更改而来","Available","","AA3003Mod-H14SR","(AA4343)10±2% for each side","39.71 ","","OK","研发刀具","常规","","","","","","","","","","","","Fin!A58:AA58","I58: Range of  fin  pitch     (Just for sample) 原文为 ""1.4~1.6""，不能作为单一数值使用；J58: R 原文为 ""≤0.45""，不能作为单一数值使用；Y58: 本分区该列没有表头，保留原值，未猜测字段含义；Z58: 本分区该列没有表头，保留原值，未猜测字段含义"
"主表","B49A","","0.08","25.4","8.13","0.03","8.1","1.3","1.3-1.4","≤0.45","5.80 ","7","1.1","45","20","B49-M001  Rev.02","由B49-M001  Rev.01更改而来","Available","","AA3003Mod-H14SR","(AA4343)10±2% for each side","45.81 ","","OK","研发刀具","常规","","","","","","","","","","","","Fin!A59:AA59","I59: Range of  fin  pitch     (Just for sample) 原文为 ""1.3-1.4""，不能作为单一数值使用；J59: R 原文为 ""≤0.45""，不能作为单一数值使用；Y59: 本分区该列没有表头，保留原值，未猜测字段含义；Z59: 本分区该列没有表头，保留原值，未猜测字段含义；B59: Code/ERP 空白或为说明文字；未补造编号，原文保留"
"主表","B49D","","0.08","25.4","8.13","0.03","8.1","1.8","1.7-1.9","≤0.45","5.80 ","7","1.1","45","20","B49-M001  Rev.02","由B49-M001  Rev.01更改而来","Available","","AA3003Mod-H14SR","(AA4343)10±2% for each side","33.09 ","","OK","研发刀具","常规","","","","","","","","","","","","Fin!A60:AA60","I60: Range of  fin  pitch     (Just for sample) 原文为 ""1.7-1.9""，不能作为单一数值使用；J60: R 原文为 ""≤0.45""，不能作为单一数值使用；Y60: 本分区该列没有表头，保留原值，未猜测字段含义；Z60: 本分区该列没有表头，保留原值，未猜测字段含义；B60: Code/ERP 空白或为说明文字；未补造编号，原文保留"
"主表","B410","310410","0.08","25.4","7.62","0.02","7.6","1.6","","≤0.45","6.00 ","6.7","1.1","35","20","B410-M001  Rev.00","","Available","","AA3003Mod-H14SR","(AA4343)10±2% for each side","37.22 ","","","批量","常规","","","","","","","","","","","","Fin!A61:AA61","I61: Range of  fin  pitch     (Just for sample) 原文为 空白，不能作为单一数值使用；J61: R 原文为 ""≤0.45""，不能作为单一数值使用；Y61: 本分区该列没有表头，保留原值，未猜测字段含义；Z61: 本分区该列没有表头，保留原值，未猜测字段含义"
"主表","B411","310411","0.08","25.4","7.02","0.02","7","1.5","","平顶","5.00 ","6","1.2","27","18","B411-M001  Rev.S0","","Available","","AA3003Mod-H14SR","(AA4343)10±2% for each side","39.71 ","","","批量","平顶","","","","","","","","","","","","Fin!A62:AA62","I62: Range of  fin  pitch     (Just for sample) 原文为 空白，不能作为单一数值使用；J62: R 原文为 ""平顶""，不能作为单一数值使用；Y62: 本分区该列没有表头，保留原值，未猜测字段含义；Z62: 本分区该列没有表头，保留原值，未猜测字段含义"
"主表","B412","310412","0.1","25.4","8.13","0.03","8.1","5.9","  ","1.6","NA（不开窗）","","","","","B412-M001  Rev.S0","","Available","","MOP-B01","","10.09 ","","","研发刀具","不开窗","","","","","","","","","","","","Fin!A63:AA63","I63: Range of  fin  pitch     (Just for sample) 原文为 ""  ""，不能作为单一数值使用；K63: Louver Length (Full) 原文为 ""NA（不开窗）""，不能作为单一数值使用；L63: Louver Length (Overall) 原文为 空白，不能作为单一数值使用；M63: Louver Pitch 原文为 空白，不能作为单一数值使用；N63: Louver Angle 原文为 空白，不能作为单一数值使用；O63: Louver Number 原文为 空白，不能作为单一数值使用；Y63: 本分区该列没有表头，保留原值，未猜测字段含义；Z63: 本分区该列没有表头，保留原值，未猜测字段含义"
"主表","B415","310415","0.08","25.4","7.83","0.03","7.8","1.494","","≤0.45","5.70 ","6.9","1.1","50","20","B410-M001  Rev.00","","Available","","AA3003Mod-H14SR","(AA4343)10±2% for each side","39.86 ","","OK","研发刀具","常规","","","","","","","","","","","","Fin!A64:AA64","I64: Range of  fin  pitch     (Just for sample) 原文为 空白，不能作为单一数值使用；J64: R 原文为 ""≤0.45""，不能作为单一数值使用；Y64: 本分区该列没有表头，保留原值，未猜测字段含义；Z64: 本分区该列没有表头，保留原值，未猜测字段含义"
"主表","B416","310416","0.08","25.4","6.51","0.01","6.5","1.4","1.2~1.4","≤0.45","4.60 ","5.6","1.1","51","20","B4h-M001 Rev.S1","","Available","","AA3003Mod-H14SR","(AA4343)10±2% for each side","42.54 ","5G25","OK","研发刀具","常规","","","","","","","","","","","","Fin!A65:AA65","I65: Range of  fin  pitch     (Just for sample) 原文为 ""1.2~1.4""，不能作为单一数值使用；J65: R 原文为 ""≤0.45""，不能作为单一数值使用；Y65: 本分区该列没有表头，保留原值，未猜测字段含义；Z65: 本分区该列没有表头，保留原值，未猜测字段含义"
"主表","B417","310417","0.09","25.4","8.15","0.05","8.1","1.4","1.3~1.5","≤0.45","5.8 ","7","1.1","40","20","B44-M001  Rev.S0","B16-0000  Rev.S1","Available","","AA3003Mod-H14SR","(AA4343)10±2% for each side","42.54 ","5G25","OK","研发刀具","常规","","","","","","","","","","","","Fin!A66:AA66","I66: Range of  fin  pitch     (Just for sample) 原文为 ""1.3~1.5""，不能作为单一数值使用；J66: R 原文为 ""≤0.45""，不能作为单一数值使用；Y66: 本分区该列没有表头，保留原值，未猜测字段含义；Z66: 本分区该列没有表头，保留原值，未猜测字段含义"
"主表","B419","390067","0.08","25.4","13.03","0.03","13","2","","≤0.45","10.00 ","11","1.1","45","20","","","Available","","AA3003Mod-H14SR","(AA4343)10±2% for each side","29.78 ","","","研发刀具","常规","","","","","","","","","","","","Fin!A67:AA67","I67: Range of  fin  pitch     (Just for sample) 原文为 空白，不能作为单一数值使用；J67: R 原文为 ""≤0.45""，不能作为单一数值使用；Y67: 本分区该列没有表头，保留原值，未猜测字段含义；Z67: 本分区该列没有表头，保留原值，未猜测字段含义"
"主表","B420","310420","0.08","25.4","7.62","0.02","7.6","1.2","","≤0.45","5.5","6.3","1.14","30","18","B4r-M001  Rev.S0","","Available","","AA3003Mod-H15SR","(AA4343)10±3% for each side","49.63 ","","","研发刀具","常规","","","","","","","","","","","","Fin!A68:AA68","I68: Range of  fin  pitch     (Just for sample) 原文为 空白，不能作为单一数值使用；J68: R 原文为 ""≤0.45""，不能作为单一数值使用；Y68: 本分区该列没有表头，保留原值，未猜测字段含义；Z68: 本分区该列没有表头，保留原值，未猜测字段含义"
"主表","B421","310421","0.08","25.4","8.13","0.02","8.1","1.4","","45","5.5","6.7 ","1.1","45","20","B421-M001","","Available","","AA3003Mod-H15SR","(AA4343)10±3% for each side","42.54 ","","","研发刀具","倒伏验证刀具","","","","","","","","","","","","Fin!A69:AA69","I69: Range of  fin  pitch     (Just for sample) 原文为 空白，不能作为单一数值使用；Y69: 本分区该列没有表头，保留原值，未猜测字段含义；Z69: 本分区该列没有表头，保留原值，未猜测字段含义；F69: 焊前高度减焊后高度不等于原表钎焊变化量；三个原值均保留；J69: 原表 R 大于翅片宽度和焊前高度，需回查图纸；未改成猜测的小数"
"主表","B422","310422","0.08","25.4","6.53","0.03","6.5","1.4","1.3~1.5","≤0.45","4.8","5.6 ","1.1","50","20","B422M001  Rev.02","由B4f-M001  Rev.01更改而来","Available","","AA3003Mod-H14SR","(AA4343)10±2% for each side","42.54 ","","","研发刀具","常规","","","","","","","","","","","","Fin!A70:AA70","I70: Range of  fin  pitch     (Just for sample) 原文为 ""1.3~1.5""，不能作为单一数值使用；J70: R 原文为 ""≤0.45""，不能作为单一数值使用；Y70: 本分区该列没有表头，保留原值，未猜测字段含义；Z70: 本分区该列没有表头，保留原值，未猜测字段含义"
"主表","B423","390065-66","0.09","25.4","13.03","0.03","13","3","3~3.2","≤0.45","10","11.0 ","1.6","45","14","","","Available","","","","19.85 ","","","研发刀具","常规","","","","","","","","","","","","Fin!A71:AA71","I71: Range of  fin  pitch     (Just for sample) 原文为 ""3~3.2""，不能作为单一数值使用；J71: R 原文为 ""≤0.45""，不能作为单一数值使用；Y71: 本分区该列没有表头，保留原值，未猜测字段含义；Z71: 本分区该列没有表头，保留原值，未猜测字段含义"
"主表","B424","390423-390425","0.1","23.5","7.02","0.02","7","1.7","","≤0.32","5","6.0 ","1.2","27","16","","","Available","","","","32.41 ","","","","","","","","","","","","","","","","Fin!A72:AA72","I72: Range of  fin  pitch     (Just for sample) 原文为 空白，不能作为单一数值使用；J72: R 原文为 ""≤0.32""，不能作为单一数值使用"
"主表","B4b","314110","0.08","25.4","8.13","0.03","8.1","1.6","1.5~1.7","≤0.45","5.80 ","7","1.85","45","12","B4b-M001  Rev.S0","","Available","","AA3003Mod-H14SR","(AA4343)10±2% for each side","37.22 ","H1252","OK","批量","常规","1","","","","","","","","","","","Fin!A73:AA73","I73: Range of  fin  pitch     (Just for sample) 原文为 ""1.5~1.7""，不能作为单一数值使用；J73: R 原文为 ""≤0.45""，不能作为单一数值使用；Y73: 本分区该列没有表头，保留原值，未猜测字段含义；Z73: 本分区该列没有表头，保留原值，未猜测字段含义；AA73: 本分区该列没有表头，保留原值，未猜测字段含义"
"主表","B4e","314140","0.1","25.4","8.11","0.01","8.1","1.1","1.1~1.2","≤0.45","6.2 ","7","1.1","27","20","","","Available","","AA3003Mod-H14SR","(AA4343)10±2% for each side","54.14 ","","OK","批量","常规","","","","","","","","","","","","Fin!A74:AA74","I74: Range of  fin  pitch     (Just for sample) 原文为 ""1.1~1.2""，不能作为单一数值使用；J74: R 原文为 ""≤0.45""，不能作为单一数值使用；Y74: 本分区该列没有表头，保留原值，未猜测字段含义；Z74: 本分区该列没有表头，保留原值，未猜测字段含义"
"主表","B4eB","","0.1","25.4","8.11","0.01","8.1","1.27","1.2-1.4","≤0.45","6.2 ","7","1.1","27","20","","","Available","","AA3003Mod-H14SR","(AA4343)10±2% for each side","46.90 ","","OK","批量","常规","","","","","","","","","","","","Fin!A75:AA75","I75: Range of  fin  pitch     (Just for sample) 原文为 ""1.2-1.4""，不能作为单一数值使用；J75: R 原文为 ""≤0.45""，不能作为单一数值使用；Y75: 本分区该列没有表头，保留原值，未猜测字段含义；Z75: 本分区该列没有表头，保留原值，未猜测字段含义；B75: Code/ERP 空白或为说明文字；未补造编号，原文保留"
"主表","B4f","314150","0.08","25.4","6.53","0.03","6.5","1.4","1.3~1.5","≤0.45","4.8 ","5.6","1.1","45","20","B4f-M001  Rev.02","由B4f-M001  Rev.01更改而来","Available","","AA3003Mod-H14SR","(AA4343)10±2% for each side","42.54 ","","OK","批量","常规","1","","","","","","","","","","","Fin!A76:AA76","I76: Range of  fin  pitch     (Just for sample) 原文为 ""1.3~1.5""，不能作为单一数值使用；J76: R 原文为 ""≤0.45""，不能作为单一数值使用；Y76: 本分区该列没有表头，保留原值，未猜测字段含义；Z76: 本分区该列没有表头，保留原值，未猜测字段含义；AA76: 本分区该列没有表头，保留原值，未猜测字段含义"
"主表","B4h","314170","0.08","25.4","6.51","0.01","6.5","1.1","1.1~1.2","≤0.45","4.8 ","5.6","1.1","27","20","B4h-M001 Rev.S1","","Available","","AA3003Mod-H14SR","(AA4343)10±2% for each side","54.14 ","5G25","OK","批量","常规","","","","","","","","","","","","Fin!A77:AA77","I77: Range of  fin  pitch     (Just for sample) 原文为 ""1.1~1.2""，不能作为单一数值使用；J77: R 原文为 ""≤0.45""，不能作为单一数值使用；Y77: 本分区该列没有表头，保留原值，未猜测字段含义；Z77: 本分区该列没有表头，保留原值，未猜测字段含义"
"主表","B4hff","314174","0.07","25.4","6.51","0.01","6.5","1.1","1.1~1.2","≤0.45","4.8 ","5.6","1.1","27","20","B4h-M001 Rev.S1","","Available","","AA3003Mod-H14SR","(AA4343)10±2% for each side","54.14 ","5G25 非复合","OK","批量","常规","","","","","","","","","","","","Fin!A78:AA78","I78: Range of  fin  pitch     (Just for sample) 原文为 ""1.1~1.2""，不能作为单一数值使用；J78: R 原文为 ""≤0.45""，不能作为单一数值使用；Y78: 本分区该列没有表头，保留原值，未猜测字段含义；Z78: 本分区该列没有表头，保留原值，未猜测字段含义"
"主表","B4h5","314175","0.1","25.4","6.51","0.01","6.5","1.1","1.1~1.2","≤0.45","4.8 ","5.6","1.1","27","20","","","Available","","AA3003Mod-H14SR","(AA4343)10±2% for each side","54.14 ","","","批量","常规","","","","","","","","","","","","Fin!A79:AA79","I79: Range of  fin  pitch     (Just for sample) 原文为 ""1.1~1.2""，不能作为单一数值使用；J79: R 原文为 ""≤0.45""，不能作为单一数值使用；Y79: 本分区该列没有表头，保留原值，未猜测字段含义；Z79: 本分区该列没有表头，保留原值，未猜测字段含义"
"主表","B4n","314210","0.08","25.4","8.13","0.03","8.1","2.1","2.0-2.2","≤0.45","6.00 ","7","1.1","45","20","B4n-M001  Rev.S1","","Available","","AA3003Mod-H14SR","(AA4343)10±2% for each side","28.36 ","H1252","OK","批量","常规","","","","","","","","","","","","Fin!A80:AA80","I80: Range of  fin  pitch     (Just for sample) 原文为 ""2.0-2.2""，不能作为单一数值使用；J80: R 原文为 ""≤0.45""，不能作为单一数值使用；Y80: 本分区该列没有表头，保留原值，未猜测字段含义；Z80: 本分区该列没有表头，保留原值，未猜测字段含义"
"主表","B4r","314220","0.09","25.4","7.62","0.02","7.6","1.25","1.2-1.3","≤0.45","5.5","6.3","1.14","30","18","B4r-M001  Rev.S0","","Available","","AA3003Mod-H15SR","(AA4343)10±3% for each side","47.65 ","","OK","批量","常规","","","","","","","","","","","","Fin!A81:AA81","I81: Range of  fin  pitch     (Just for sample) 原文为 ""1.2-1.3""，不能作为单一数值使用；J81: R 原文为 ""≤0.45""，不能作为单一数值使用；Y81: 本分区该列没有表头，保留原值，未猜测字段含义；Z81: 本分区该列没有表头，保留原值，未猜测字段含义"
"主表","B4s","314230","0.08","25.4","8.13","0.03","8.1","2.54","","≤0.45","5.60 ","7","1.6","45","14","B4s-M001  Rev.S0","","Available","","AA3003Mod-H14SR","(AA4343)10±2% for each side","23.45 ","","OK","研发刀具","常规","","","","","","","","","","","","Fin!A82:AA82","I82: Range of  fin  pitch     (Just for sample) 原文为 空白，不能作为单一数值使用；J82: R 原文为 ""≤0.45""，不能作为单一数值使用；Y82: 本分区该列没有表头，保留原值，未猜测字段含义；Z82: 本分区该列没有表头，保留原值，未猜测字段含义"
"主表","B4v","314250","0.09","25.4","8.11","0.01","8.1","1.1","1.1~1.2","≤0.45","6.2 ","7","1.1","27","20","B4V-M001  Rev.00","由B42-M001  更改而来","Available","","AA3003Mod-H14SR","(AA4343)10±2% for each side","54.14 ","Thicker","OK","批量","常规","","","","","","","","","","","","Fin!A83:AA83","I83: Range of  fin  pitch     (Just for sample) 原文为 ""1.1~1.2""，不能作为单一数值使用；J83: R 原文为 ""≤0.45""，不能作为单一数值使用；Y83: 本分区该列没有表头，保留原值，未猜测字段含义；Z83: 本分区该列没有表头，保留原值，未猜测字段含义"
"主表","B4w","314260","0.09","25.4","8.11","0.01","8.1","1.5","1.4-1.6","≤0.45","6.20 ","7","1.1","45","20","B4W-M001  Rev.00","由B49-M001   更改而来","Available","","AA3003Mod-H14SR","(AA4343)10±2% for each side","39.71 ","Thicker","OK","批量","常规","1","","","","","","","","","","","Fin!A84:AA84","I84: Range of  fin  pitch     (Just for sample) 原文为 ""1.4-1.6""，不能作为单一数值使用；J84: R 原文为 ""≤0.45""，不能作为单一数值使用；Y84: 本分区该列没有表头，保留原值，未猜测字段含义；Z84: 本分区该列没有表头，保留原值，未猜测字段含义；AA84: 本分区该列没有表头，保留原值，未猜测字段含义"
"主表","B4z","314290","0.1","25.4","8.13","0.03","8.1","5.9","","1.6","","6.5","1.6","45","14","B4z-M001  Rev.S0","","Available","","MOP-B01","","10.09 ","","","研发刀具","常规","","","","","","","","","","","","Fin!A85:AA85","I85: Range of  fin  pitch     (Just for sample) 原文为 空白，不能作为单一数值使用；K85: Louver Length (Full) 原文为 空白，不能作为单一数值使用；Y85: 本分区该列没有表头，保留原值，未猜测字段含义；Z85: 本分区该列没有表头，保留原值，未猜测字段含义"
"主表","B51","315010","0.08","12","8.13","0.03","8.1","1.4","1.3~1.5","0.45","5.8 ","7","1.5","40","6","B51-M001  Rev.S0","","Available","","AA3003Mod-H14SR","(AA4343)10±2% for each side","20.10 ","H1121","OK","批量","常规","","","","","","","","","","","","Fin!A86:AA86","I86: Range of  fin  pitch     (Just for sample) 原文为 ""1.3~1.5""，不能作为单一数值使用；Y86: 本分区该列没有表头，保留原值，未猜测字段含义；Z86: 本分区该列没有表头，保留原值，未猜测字段含义"
"主表","B52","315020","0.08","12","11.45","0.05","11.4","1.8","1.7-1.9","≤0.45","9.00 ","10.1","1.5","45","6","B52-M001  Rev.S0","","Available","","AA3003Mod-H14SR","(AA4343)10±2% for each side","15.63 ","","","研发刀具","北美家用","","","","","","","","","","","","Fin!A87:AA87","I87: Range of  fin  pitch     (Just for sample) 原文为 ""1.7-1.9""，不能作为单一数值使用；J87: R 原文为 ""≤0.45""，不能作为单一数值使用；Y87: 本分区该列没有表头，保留原值，未猜测字段含义；Z87: 本分区该列没有表头，保留原值，未猜测字段含义"
"主表","B53","315030","0.07","12","8.13","0.03","8.1","0.98","0.98-1.1","≤0.45","6.00 ","7","0.82","30","12","B53-M001  Rev.S0","","Available","","AA3003Mod-H14SR","(AA4343)10±2% for each side","28.71 ","","OK","批量","常规","","","","","","","","","","","","Fin!A88:AA88","I88: Range of  fin  pitch     (Just for sample) 原文为 ""0.98-1.1""，不能作为单一数值使用；J88: R 原文为 ""≤0.45""，不能作为单一数值使用；Y88: 本分区该列没有表头，保留原值，未猜测字段含义；Z88: 本分区该列没有表头，保留原值，未猜测字段含义"
"主表","B531","315310","0.08","12","8.13","0.03","8.1","1.1","","≤0.45","6.20 ","7","0.82","30","12","B53-M001  Rev.S0","","Available","","AA3003Mod-H14SR","(AA4343)10±2% for each side","25.58 ","","OK","批量","常规","","","","","","","","","","","","Fin!A89:AA89","I89: Range of  fin  pitch     (Just for sample) 原文为 空白，不能作为单一数值使用；J89: R 原文为 ""≤0.45""，不能作为单一数值使用；Y89: 本分区该列没有表头，保留原值，未猜测字段含义；Z89: 本分区该列没有表头，保留原值，未猜测字段含义"
"主表","B5301","315301","0.08","12","8.13","0.03","8.1","1.15","1.1-1.3","≤0.45","6.60 ","7.2","0.8","30","12","B53-M001  Rev.S0","","Available","","AA3003Mod-H14SR","(AA4343)10±2% for each side","24.47 ","","","批量","常规","","","","","","","","","","","","Fin!A90:AA90","I90: Range of  fin  pitch     (Just for sample) 原文为 ""1.1-1.3""，不能作为单一数值使用；J90: R 原文为 ""≤0.45""，不能作为单一数值使用；Y90: 本分区该列没有表头，保留原值，未猜测字段含义；Z90: 本分区该列没有表头，保留原值，未猜测字段含义"
"主表","B54A","315041","0.08","12","11.43","0.03","11.4","1.2","","≤0.45","9.30 ","10","0.82","30","12","B54-M001  Rev.02","由B54-M001  Rev.01更改而来","Available","","AA3003Mod-H14SR","(AA4343)10±2% for each side","23.45 ","","OK","研发刀具","","","","","","","","","","","","","Fin!A91:AA91","I91: Range of  fin  pitch     (Just for sample) 原文为 空白，不能作为单一数值使用；J91: R 原文为 ""≤0.45""，不能作为单一数值使用；Y91: 本分区该列没有表头，保留原值，未猜测字段含义"
"主表","B56","315060","0.07","12","8.13","0.03","8.1","1.2","","≤0.45","5.80 ","7","1.2","45","8","B56-M001  Rev.S0","","Available","","AA3003Mod-H14SR","(AA4343)10±2% for each side","23.45 ","","OK","批量","常规","1","","","","","","","","","","","Fin!A92:AA92","I92: Range of  fin  pitch     (Just for sample) 原文为 空白，不能作为单一数值使用；J92: R 原文为 ""≤0.45""，不能作为单一数值使用；Y92: 本分区该列没有表头，保留原值，未猜测字段含义；Z92: 本分区该列没有表头，保留原值，未猜测字段含义；AA92: 本分区该列没有表头，保留原值，未猜测字段含义"
"主表","B56fA","315066","0.08","12","8.13","0.03","8.1","1.34","1.2-1.4","≤0.45","6.00 ","7.00 ","1.2","45","8","B56fa-M001  Rev.S0","","Available","","AA3003Mod-H15SR","","21.00 ","","","批量","无图纸","1","","","","","","","","","","","Fin!A93:AA93","I93: Range of  fin  pitch     (Just for sample) 原文为 ""1.2-1.4""，不能作为单一数值使用；J93: R 原文为 ""≤0.45""，不能作为单一数值使用；Y93: 本分区该列没有表头，保留原值，未猜测字段含义；Z93: 本分区该列没有表头，保留原值，未猜测字段含义；AA93: 本分区该列没有表头，保留原值，未猜测字段含义；Z93: 原表存在使用、制造或图纸限制，请保留原文并核对当前状态"
"主表","B56fb","315069","0.08","12","8.13","0.03","8.1","1.2","","≤0.45","6.00 ","7.00 ","1.2","45","8","B56fb-M001  Rev.S0","","Available","","AA3003Mod-H16SR","","23.45 ","","","批量","无图纸","1","","","","","","","","","","","Fin!A94:AA94","I94: Range of  fin  pitch     (Just for sample) 原文为 空白，不能作为单一数值使用；J94: R 原文为 ""≤0.45""，不能作为单一数值使用；Y94: 本分区该列没有表头，保留原值，未猜测字段含义；Z94: 本分区该列没有表头，保留原值，未猜测字段含义；AA94: 本分区该列没有表头，保留原值，未猜测字段含义；Z94: 原表存在使用、制造或图纸限制，请保留原文并核对当前状态"
"主表","B57","315070","0.08","12","8.13","0.03","8.1","1.8","Max=1.8","≤0.45","5.80 ","7","1.5","45","6","B57-M001 Rev.S0","","Available","","AA3003Mod-H14SR","(AA4343)10±2% for each side","15.63 ","","OK","批量","常规","1","","","","","","","","","","","Fin!A95:AA95","I95: Range of  fin  pitch     (Just for sample) 原文为 ""Max=1.8""，不能作为单一数值使用；J95: R 原文为 ""≤0.45""，不能作为单一数值使用；Y95: 本分区该列没有表头，保留原值，未猜测字段含义；Z95: 本分区该列没有表头，保留原值，未猜测字段含义；AA95: 本分区该列没有表头，保留原值，未猜测字段含义"
"主表","B571","310571","0.1","12","8.13","0.03","8.1","1.8","Max=1.8","≤0.45","5.80 ","7","1.5","45","6","B571-M001 Rev.S0","","Available","","AA3003Mod-H14SR","(AA4343)10±2% for each side","15.63 ","","OK","批量","常规","1","","","","","","","","","","","Fin!A96:AA96","I96: Range of  fin  pitch     (Just for sample) 原文为 ""Max=1.8""，不能作为单一数值使用；J96: R 原文为 ""≤0.45""，不能作为单一数值使用；Y96: 本分区该列没有表头，保留原值，未猜测字段含义；Z96: 本分区该列没有表头，保留原值，未猜测字段含义；AA96: 本分区该列没有表头，保留原值，未猜测字段含义"
"主表","B58","315080","0.07","12","6.53","0.03","6.5","0.98","","≤0.45","5.10 ","5.6","0.8","30","12","B58-M001 Rev.S0","","Available","","AA3003Mod-H14SR","(AA4343)10±2% for each side","28.71 ","","OK","批量","常规","","","","","","","","","","","","Fin!A97:AA97","I97: Range of  fin  pitch     (Just for sample) 原文为 空白，不能作为单一数值使用；J97: R 原文为 ""≤0.45""，不能作为单一数值使用；Y97: 本分区该列没有表头，保留原值，未猜测字段含义；Z97: 本分区该列没有表头，保留原值，未猜测字段含义"
"主表","B59","315090","0.08","12","8.13","0.03","8.1","1.6","1.4-1.6","≤0.45","5.8 ","7","1.5","40","6","B59-M001  Rev.00","由B51A  Rev.01更改而来","Available","","AA3003Mod-H14SR","(AA4343)10±2% for each side","17.59 ","H1121","OK","批量","常规","","","","","","","","","","","","Fin!A98:AA98","I98: Range of  fin  pitch     (Just for sample) 原文为 ""1.4-1.6""，不能作为单一数值使用；J98: R 原文为 ""≤0.45""，不能作为单一数值使用；Y98: 本分区该列没有表头，保留原值，未猜测字段含义；Z98: 本分区该列没有表头，保留原值，未猜测字段含义"
"主表","B59B","315093","0.08","12","8.13","0.03","8.1","1.3","1.2-1.4","≤0.45","5.8 ","7","1.5","40","6","B59-M001  Rev.00","由B51A  Rev.01更改而来","Available","","AA3003Mod-H14SR","(AA4343)10±2% for each side","21.64 ","H1121","OK","批量","常规","1","","","","","","","","","","","Fin!A99:AA99","I99: Range of  fin  pitch     (Just for sample) 原文为 ""1.2-1.4""，不能作为单一数值使用；J99: R 原文为 ""≤0.45""，不能作为单一数值使用；Y99: 本分区该列没有表头，保留原值，未猜测字段含义；Z99: 本分区该列没有表头，保留原值，未猜测字段含义；AA99: 本分区该列没有表头，保留原值，未猜测字段含义；B99: Code/ERP 315093 对应多个型号：B59B、B59C；未合并或覆盖"
"主表","B59C","315093","0.08","12","8.13","0.03","8.1","1.2","","≤0.45","5.8 ","7","1.5","40","6","B59-M001  Rev.00","由B51A  Rev.01更改而来","Available","","AA3003Mod-H14SR","(AA4343)10±2% for each side","23.45 ","H1121","OK","批量","常规","","","","","","","","","","","","Fin!A100:AA100","I100: Range of  fin  pitch     (Just for sample) 原文为 空白，不能作为单一数值使用；J100: R 原文为 ""≤0.45""，不能作为单一数值使用；Y100: 本分区该列没有表头，保留原值，未猜测字段含义；Z100: 本分区该列没有表头，保留原值，未猜测字段含义；B100: Code/ERP 315093 对应多个型号：B59B、B59C；未合并或覆盖"
"主表","B510","310510","0.08","12","6.53","0.03","6.5","1.4","1.3~1.5","≤0.45","4.6 ","5.6","1.1","45","8","B510-M001  Rev.00","","Available","","AA3003Mod-H14SR","(AA4343)10±2% for each side","20.10 ","","","研发刀具","常规","","","","","","","","","","","","Fin!A101:AA101","I101: Range of  fin  pitch     (Just for sample) 原文为 ""1.3~1.5""，不能作为单一数值使用；J101: R 原文为 ""≤0.45""，不能作为单一数值使用；Y101: 本分区该列没有表头，保留原值，未猜测字段含义；Z101: 本分区该列没有表头，保留原值，未猜测字段含义"
"主表","B5f","315132","0.08","12","8.13","0.03","8.1","2.54","","0.9","","7","1.5","45","6","B5a-M001  Rev.00","","Available","","AA3003Mod-H14SR","(AA4343)10±2% for each side","11.08 ","","RD tool","批量","常规","1","","","","","","","","","","","Fin!A102:AA102","I102: Range of  fin  pitch     (Just for sample) 原文为 空白，不能作为单一数值使用；K102: Louver Length (Full) 原文为 空白，不能作为单一数值使用；Y102: 本分区该列没有表头，保留原值，未猜测字段含义；Z102: 本分区该列没有表头，保留原值，未猜测字段含义；AA102: 本分区该列没有表头，保留原值，未猜测字段含义"
"主表","B62","316020","0.1","25.4","8.13","0.03","8.1","1.8","1.7-1.9","≤0.45","6.00 ","7.2(实际7)","1.8","40","10","B62-M001 Rev。00","","Available","","AA3003Mod-H14SR","(AA4343)10±2% for each side","33.09 ","","","批量","凸出翅片","1","","","","","","","","","","","Fin!A103:AA103","I103: Range of  fin  pitch     (Just for sample) 原文为 ""1.7-1.9""，不能作为单一数值使用；J103: R 原文为 ""≤0.45""，不能作为单一数值使用；L103: Louver Length (Overall) 原文为 ""7.2(实际7)""，不能作为单一数值使用；Y103: 本分区该列没有表头，保留原值，未猜测字段含义；Z103: 本分区该列没有表头，保留原值，未猜测字段含义；AA103: 本分区该列没有表头，保留原值，未猜测字段含义"
"主表","B602","390086","0.06","48.5","5","","","","","","","","1.51","","","","","","","","","#DIV/0!","模具在墨西哥（陈立刚负责）","","模具在墨西哥（陈立刚负责）","无图纸","","","","","","","","","","","","Fin!A104:AA104","F104: Change During Brazing 原文为 空白，不能作为单一数值使用；G104: Fin Height Post-Brazing 原文为 空白，不能作为单一数值使用；H104: Fin Pitch 原文为 空白，不能作为单一数值使用；I104: Range of  fin  pitch     (Just for sample) 原文为 空白，不能作为单一数值使用；J104: R 原文为 空白，不能作为单一数值使用；K104: Louver Length (Full) 原文为 空白，不能作为单一数值使用；L104: Louver Length (Overall) 原文为 空白，不能作为单一数值使用；N104: Louver Angle 原文为 空白，不能作为单一数值使用；O104: Louver Number 原文为 空白，不能作为单一数值使用；Y104: 本分区该列没有表头，保留原值，未猜测字段含义；Z104: 本分区该列没有表头，保留原值，未猜测字段含义；Z104: 原表存在使用、制造或图纸限制，请保留原文并核对当前状态"
"主表","B603","390280-390283","0.08","50","5.2","（0.04,0.02）","5.2","1.49","1.49-1.6","0.3","3.40 ","4.4","1.25","28","36","","","","","","","78.69 ","","","研发刀具","内部无法自制","","","","","","","","","","","","Fin!A105:AA105","F105: Change During Brazing 原文为 ""（0.04,0.02）""，不能作为单一数值使用；I105: Range of  fin  pitch     (Just for sample) 原文为 ""1.49-1.6""，不能作为单一数值使用；Y105: 本分区该列没有表头，保留原值，未猜测字段含义；Z105: 本分区该列没有表头，保留原值，未猜测字段含义；Z105: 原表存在使用、制造或图纸限制，请保留原文并核对当前状态"
"主表","B604","390284","0.1","16","8.13","0.03","8","3","","0.7","6.00 ","7","1.1","45","12","","","Available","","","","12.51 ","","","","","","","","","","","","","","","","Fin!A106:AA106","I106: Range of  fin  pitch     (Just for sample) 原文为 空白，不能作为单一数值使用；F106: 焊前高度减焊后高度不等于原表钎焊变化量；三个原值均保留"
"主表","B605","390291","0.1","38","9","0.02","9","1.2","1.1-1.3","0.45","7.10 ","7.9","1.25","29","28","","","Available","","","","74.25 ","","","研发刀具","常规","","","","","","","","","","","","Fin!A107:AA107","I107: Range of  fin  pitch     (Just for sample) 原文为 ""1.1-1.3""，不能作为单一数值使用；Y107: 本分区该列没有表头，保留原值，未猜测字段含义；Z107: 本分区该列没有表头，保留原值，未猜测字段含义；F107: 焊前高度减焊后高度不等于原表钎焊变化量；三个原值均保留"
"主表","B623","","0.1","16","8.13","0.03","8.1","2.1","2.0-2.1","≤0.45","5.3 ","7","1.65","45","8","B0h-M001 Rev.S0","","Available","","AA3003Mod-H14SR","(AA4343)10±2% for each side","17.87 ","","OK","批量","常规","1","","","","","","","","","","","Fin!A108:AA108","I108: Range of  fin  pitch     (Just for sample) 原文为 ""2.0-2.1""，不能作为单一数值使用；J108: R 原文为 ""≤0.45""，不能作为单一数值使用；Y108: 本分区该列没有表头，保留原值，未猜测字段含义；Z108: 本分区该列没有表头，保留原值，未猜测字段含义；AA108: 本分区该列没有表头，保留原值，未猜测字段含义；B108: Code/ERP 空白或为说明文字；未补造编号，原文保留"
"主表","B71","317010","0.08","32","8.13","0.03","8.1","1.6","1.5~1.7","≤0.45","6.00 ","7","1.45","40","20","B71-M001  Rev.S1","","Available","","AA3003Mod-H14SR","(AA4343)10±2% for each side","46.90 ","","OK","批量","常规","1","","","","","","","","","","","Fin!A109:AA109","I109: Range of  fin  pitch     (Just for sample) 原文为 ""1.5~1.7""，不能作为单一数值使用；J109: R 原文为 ""≤0.45""，不能作为单一数值使用；Y109: 本分区该列没有表头，保留原值，未猜测字段含义；Z109: 本分区该列没有表头，保留原值，未猜测字段含义；AA109: 本分区该列没有表头，保留原值，未猜测字段含义"
"主表","B71C","317013","0.08","32","8.13","0.03","8.1","1.3","1.2-1.4","≤0.45","6.00 ","7","1.45","40","20","B71-M001  Rev.S1","","Available","","AA3003Mod-H14SR","(AA4343)10±2% for each side","57.72 ","","OK","批量","常规","","","","","","","","","","","","Fin!A110:AA110","I110: Range of  fin  pitch     (Just for sample) 原文为 ""1.2-1.4""，不能作为单一数值使用；J110: R 原文为 ""≤0.45""，不能作为单一数值使用；Y110: 本分区该列没有表头，保留原值，未猜测字段含义；Z110: 本分区该列没有表头，保留原值，未猜测字段含义；B110: Code/ERP 317013 对应多个型号：B71C、B71D；未合并或覆盖"
"主表","B71D","317013","0.08","32","8.13","0.03","8.1","2.1","2.0-2.1","≤0.45","6.00 ","7","1.45","40","20","B71-M001  Rev.S1","","Available","","AA3003Mod-H14SR","(AA4343)10±2% for each side","35.73 ","","OK","批量","常规","无刀架，暂不可用","","","","","","","","","","","Fin!A111:AA111","I111: Range of  fin  pitch     (Just for sample) 原文为 ""2.0-2.1""，不能作为单一数值使用；J111: R 原文为 ""≤0.45""，不能作为单一数值使用；Y111: 本分区该列没有表头，保留原值，未猜测字段含义；Z111: 本分区该列没有表头，保留原值，未猜测字段含义；AA111: 本分区该列没有表头，保留原值，未猜测字段含义；AA111: 原表存在使用、制造或图纸限制，请保留原文并核对当前状态；B111: Code/ERP 317013 对应多个型号：B71C、B71D；未合并或覆盖"
"主表","B72","317020","0.08","32","8.11","0.01","8.1","1.2","1.1~1.2","≤0.45","6.20 ","7","1.1","27","26","B72-M001  Rev.02","B72-M001  Rev.01更改而来","Available","","AA3003Mod-H14SR","(AA4343)10±2% for each side","62.53 ","","OK","批量","常规","","","","","","","","","","","","Fin!A112:AA112","I112: Range of  fin  pitch     (Just for sample) 原文为 ""1.1~1.2""，不能作为单一数值使用；J112: R 原文为 ""≤0.45""，不能作为单一数值使用；Y112: 本分区该列没有表头，保留原值，未猜测字段含义；Z112: 本分区该列没有表头，保留原值，未猜测字段含义"
"主表","B73","317040","0.1","32","8.11","0.01","8.1","1.2","1.1~1.2","≤0.45","6.20 ","7","1.1","27","26","B72-M001  Rev.02","B72-M001  Rev.01更改而来","Available","","AA3003Mod-H14SR","(AA4343)10±2% for each side","62.53 ","","","批量","常规","","","","","","","","","","","","Fin!A113:AA113","I113: Range of  fin  pitch     (Just for sample) 原文为 ""1.1~1.2""，不能作为单一数值使用；J113: R 原文为 ""≤0.45""，不能作为单一数值使用；Y113: 本分区该列没有表头，保留原值，未猜测字段含义；Z113: 本分区该列没有表头，保留原值，未猜测字段含义"
"主表","B75","317050","0.09","32","8.11","0.01","8.1","1.2","1.1~1.2","≤0.45","6.20 ","7","1.1","27","26","B71-M001  Rev.S1","","Available","","AA3003Mod-H14SR","(AA4343)10±2% for each side","62.53 ","","","批量","常规","","","","","","","","","","","","Fin!A114:AA114","I114: Range of  fin  pitch     (Just for sample) 原文为 ""1.1~1.2""，不能作为单一数值使用；J114: R 原文为 ""≤0.45""，不能作为单一数值使用；Y114: 本分区该列没有表头，保留原值，未猜测字段含义；Z114: 本分区该列没有表头，保留原值，未猜测字段含义"
"主表","B76","317060","0.09","32","6.53","0.03","6.5","1.1","1.1-1.3","≤0.45","4.6","5.6","1.1","27","26","","","Available","","AA3003Mod-H14SR","(AA4343)10±2% for each side","68.21 ","","","批量","常规","","","","","","","","","","","","Fin!A115:AA115","I115: Range of  fin  pitch     (Just for sample) 原文为 ""1.1-1.3""，不能作为单一数值使用；J115: R 原文为 ""≤0.45""，不能作为单一数值使用；Y115: 本分区该列没有表头，保留原值，未猜测字段含义；Z115: 本分区该列没有表头，保留原值，未猜测字段含义"
"主表","B77","317070","0.08","32","6.53","0.03","6.5","1.6","1.5~1.7","≤0.45","4.6","5.6","1.45","45","20","","","Available","","AA3003Mod-H14SR","(AA4343)10±2% for each side","46.90 ","","","批量","常规","1","","","","","","","","","","","Fin!A116:AA116","I116: Range of  fin  pitch     (Just for sample) 原文为 ""1.5~1.7""，不能作为单一数值使用；J116: R 原文为 ""≤0.45""，不能作为单一数值使用；Y116: 本分区该列没有表头，保留原值，未猜测字段含义；Z116: 本分区该列没有表头，保留原值，未猜测字段含义；AA116: 本分区该列没有表头，保留原值，未猜测字段含义"
"主表","B78","317080","0.15","32","1.65","","","","","","","","","","","","","Not Available","","AA3003Mod-H14SR","(AA4343)10±2% for each side","","Punching die","","供方处（髙锻）","无图纸","","","","","","","","","","","","Fin!A117:AA117","F117: Change During Brazing 原文为 空白，不能作为单一数值使用；G117: Fin Height Post-Brazing 原文为 空白，不能作为单一数值使用；H117: Fin Pitch 原文为 空白，不能作为单一数值使用；I117: Range of  fin  pitch     (Just for sample) 原文为 空白，不能作为单一数值使用；J117: R 原文为 空白，不能作为单一数值使用；K117: Louver Length (Full) 原文为 空白，不能作为单一数值使用；L117: Louver Length (Overall) 原文为 空白，不能作为单一数值使用；M117: Louver Pitch 原文为 空白，不能作为单一数值使用；N117: Louver Angle 原文为 空白，不能作为单一数值使用；O117: Louver Number 原文为 空白，不能作为单一数值使用；Y117: 本分区该列没有表头，保留原值，未猜测字段含义；Z117: 本分区该列没有表头，保留原值，未猜测字段含义；R117: 原表存在使用、制造或图纸限制，请保留原文并核对当前状态；Z117: 原表存在使用、制造或图纸限制，请保留原文并核对当前状态"
"主表","B79","317090","0.1","32","8.13","0.03","8.1","1.6","1.5~1.7","≤0.45","6.20 ","7","1.45","40","20","B71-M001  Rev.S1","","Available","","AA3003Mod-H14SR","(AA4343)10±2% for each side","46.90 ","","","批量","常规","1","","","","","","","","","","","Fin!A118:AA118","I118: Range of  fin  pitch     (Just for sample) 原文为 ""1.5~1.7""，不能作为单一数值使用；J118: R 原文为 ""≤0.45""，不能作为单一数值使用；Y118: 本分区该列没有表头，保留原值，未猜测字段含义；Z118: 本分区该列没有表头，保留原值，未猜测字段含义；AA118: 本分区该列没有表头，保留原值，未猜测字段含义"
"主表","B704","390250-390257","0.08/0.09","32","5.3","","5.3","1.1 ","","≤0.3","3.8","4.5","1.1","28","26","","","","","","","68.21 ","特斯拉储能水箱","","","","","","","","","","","","","","","Fin!A119:AA119","C119: Fin Gage 原文为 ""0.08/0.09""，不能作为单一数值使用；F119: Change During Brazing 原文为 空白，不能作为单一数值使用；I119: Range of  fin  pitch     (Just for sample) 原文为 空白，不能作为单一数值使用；J119: R 原文为 ""≤0.3""，不能作为单一数值使用"
"主表","B7a","317110","0.08","32","8.13","0.03","8.1","1.6","1.5~1.7","≤0.45","6.00 ","7","1.5","45","6","B71-M001  Rev.S1","","Available","","AA3003Mod-H14SR","(AA4343)10±2% for each side","46.90 ","压脚翅片","","研发刀具","压脚翅片","","","","","","","","","","","","Fin!A120:AA120","I120: Range of  fin  pitch     (Just for sample) 原文为 ""1.5~1.7""，不能作为单一数值使用；J120: R 原文为 ""≤0.45""，不能作为单一数值使用；Y120: 本分区该列没有表头，保留原值，未猜测字段含义；Z120: 本分区该列没有表头，保留原值，未猜测字段含义"
"主表","B7b","317120","0.08","32","6.53","0.03","6.5","1.6","1.5~1.7","≤0.45","4.3","5.6","1.32","45","22","B7b-M001  Rev.S0","","Available","","MOP-B01","","46.90 ","","","批量","常规","1","","","","","","","","","","","Fin!A121:AA121","I121: Range of  fin  pitch     (Just for sample) 原文为 ""1.5~1.7""，不能作为单一数值使用；J121: R 原文为 ""≤0.45""，不能作为单一数值使用；Y121: 本分区该列没有表头，保留原值，未猜测字段含义；Z121: 本分区该列没有表头，保留原值，未猜测字段含义；AA121: 本分区该列没有表头，保留原值，未猜测字段含义"
"主表","B7f","317160","0.08","32","6.53","0.03","6.5","1.4 ","1.3~1.5","≤0.45","4.6","5.6","1.1","45","26","B7f-M001  Rev.S0","","Available","","AA3003Mod-H14SR","(AA4343)10±2% for each side","53.60 ","","","批量","常规","1","","","","","","","","","","","Fin!A122:AA122","I122: Range of  fin  pitch     (Just for sample) 原文为 ""1.3~1.5""，不能作为单一数值使用；J122: R 原文为 ""≤0.45""，不能作为单一数值使用；Y122: 本分区该列没有表头，保留原值，未猜测字段含义；Z122: 本分区该列没有表头，保留原值，未猜测字段含义；AA122: 本分区该列没有表头，保留原值，未猜测字段含义"
"主表","B95","319050","0.1","32","11.43","0.03","11.4","2.5","2.4-2.5","","9.20 ","10.3","1.85","45","12","","","Available","","AA3003Mod-H14SR","(AA4343)10±2% for each side","30.01 ","凸出不开窗","","研发刀具","平顶","","","","","","","","","","","","Fin!A123:AA123","I123: Range of  fin  pitch     (Just for sample) 原文为 ""2.4-2.5""，不能作为单一数值使用；J123: R 原文为 空白，不能作为单一数值使用；Y123: 本分区该列没有表头，保留原值，未猜测字段含义；Z123: 本分区该列没有表头，保留原值，未猜测字段含义"
"主表","B101","311001","0.08","8","8.13","0.03","8.1","1.6","1.5-1.7","≤0.45","6.00 ","7","1.3","40","4","B101","","Available","","AA3003Mod-H14SR","(AA4343)10±3% for each side","11.72 ","研究院刀具","","研发刀具","常规","","","","","","","","","","","","Fin!A124:AA124","I124: Range of  fin  pitch     (Just for sample) 原文为 ""1.5-1.7""，不能作为单一数值使用；J124: R 原文为 ""≤0.45""，不能作为单一数值使用；Y124: 本分区该列没有表头，保留原值，未猜测字段含义；Z124: 本分区该列没有表头，保留原值，未猜测字段含义"
"主表","B105","310105","0.08","18","7.62","0.02","7.6","1.1","1.1~1.2","≤0.45","5.5","6.1 ","1.14","25","12","B15-M001  Rev.S0","","Available","","AA3003Mod-H14SR","(AA4343)10±2% for each side","38.37 ","","","研发刀具","","","","","","","","","","","","","Fin!A125:AA125","I125: Range of  fin  pitch     (Just for sample) 原文为 ""1.1~1.2""，不能作为单一数值使用；J125: R 原文为 ""≤0.45""，不能作为单一数值使用；Y125: 本分区该列没有表头，保留原值，未猜测字段含义"
"主表","B106","310106","0.08","36","8.13","0.03","8.1","1.3 ","1.2~1.4","≤0.45","","7","1.1","27","27","B106-M001  Rev.02","B106-M001 Rev.00","Available","","AA3003Mod-H14SR","(AA4343)10±2% for each side","64.93 ","乐能","","研发刀具","常规","","","","","","","","","","","","Fin!A126:AA126","I126: Range of  fin  pitch     (Just for sample) 原文为 ""1.2~1.4""，不能作为单一数值使用；J126: R 原文为 ""≤0.45""，不能作为单一数值使用；K126: Louver Length (Full) 原文为 空白，不能作为单一数值使用；Y126: 本分区该列没有表头，保留原值，未猜测字段含义；Z126: 本分区该列没有表头，保留原值，未猜测字段含义"
"主表","B110","311100","0.08","13.85","4.02","0.02","4","1.1","1.1-1.2","≤0.45","2.5 ","3.1 ","0.9","29","12","B87-M001","","Available","","AA3003Mod-H14SR","(AA4343)10±2% for each side","29.52 ","日轻设计","","研发刀具","常规","","","","","","","","","","","","Fin!A127:AA127","I127: Range of  fin  pitch     (Just for sample) 原文为 ""1.1-1.2""，不能作为单一数值使用；J127: R 原文为 ""≤0.45""，不能作为单一数值使用；Y127: 本分区该列没有表头，保留原值，未猜测字段含义；Z127: 本分区该列没有表头，保留原值，未猜测字段含义"
"主表","B114","310114","0.1","32","8.13","0.03","8.1","1.1","","≤0.45","6.0 ","7.0 ","1.1","27","20","","","Available","","AA3003Mod-H14SR","(AA4343)10±2% for each side","68.21 ","凸出翅片积灰实验","","研发刀具","凸出翅片积灰实验）","","","","","","","","","","","","Fin!A128:AA128","I128: Range of  fin  pitch     (Just for sample) 原文为 空白，不能作为单一数值使用；J128: R 原文为 ""≤0.45""，不能作为单一数值使用；Y128: 本分区该列没有表头，保留原值，未猜测字段含义；Z128: 本分区该列没有表头，保留原值，未猜测字段含义"
"主表","B115","310115","0.08","20.6","8.13","0.03","8.1","1.1","1-1.2","≤0.45","6.0 ","7.0 ","1.1 ","27","12","B115-M001  Rev.S0","","Available","","AA3003Mod-H14SR","(AA4343)10±2% for each side","43.91 ","积灰","","研发刀具","凸出翅片","","","","","","","","","","","","Fin!A129:AA129","I129: Range of  fin  pitch     (Just for sample) 原文为 ""1-1.2""，不能作为单一数值使用；J129: R 原文为 ""≤0.45""，不能作为单一数值使用；Y129: 本分区该列没有表头，保留原值，未猜测字段含义；Z129: 本分区该列没有表头，保留原值，未猜测字段含义"
"主表","B117","310117","0.08","16","6.53","0.03","6.5","1.4","1.3-1.5","≤0.45","4.3 ","5.6 ","1.1 ","50","12","","","Available","","AA3003Mod-H14SR","(AA4343)10±2% for each side","26.80 ","可使用","","研发刀具","","","","","","","","","","","","","Fin!A130:AA130","I130: Range of  fin  pitch     (Just for sample) 原文为 ""1.3-1.5""，不能作为单一数值使用；J130: R 原文为 ""≤0.45""，不能作为单一数值使用；Y130: 本分区该列没有表头，保留原值，未猜测字段含义"
"主表","B118","310118","0.09","16","8.13","0.03","8.1","1.1","1.1-1.3","≤0.45","6.0 ","7.0 ","0.82","30","12","","","Available","","AA3003Mod-H14SR","(AA4343)10±2% for each side","34.11 ","","","研发刀具","凸出翅片积灰实验）","","","","","","","","","","","","Fin!A131:AA131","I131: Range of  fin  pitch     (Just for sample) 原文为 ""1.1-1.3""，不能作为单一数值使用；J131: R 原文为 ""≤0.45""，不能作为单一数值使用；Y131: 本分区该列没有表头，保留原值，未猜测字段含义；Z131: 本分区该列没有表头，保留原值，未猜测字段含义"
"主表","B120","311200","0.08","38","6.53","0.03","6.5","1.4","1.3~1.5","≤0.45","4.3 ","5.6 ","1.1 ","45","32","B120-M001  Rev.S0","","Available","","AA3003Mod-H14SR","(AA4343)10±2% for each side","63.64 ","","","研发刀具","常规","","","","","","","","","","","","Fin!A132:AA132","I132: Range of  fin  pitch     (Just for sample) 原文为 ""1.3~1.5""，不能作为单一数值使用；J132: R 原文为 ""≤0.45""，不能作为单一数值使用；Y132: 本分区该列没有表头，保留原值，未猜测字段含义；Z132: 本分区该列没有表头，保留原值，未猜测字段含义"
"主表","B125","310125","0.08","20.6","8.13","0.03","8.1","1.1","1.1-1.2","0.45","6.0 ","7.0 ","1.1 ","27","14","B115-M001  Rev.S0","","Available","","AA3003Mod-H14SR","(AA4343)10±2% for each side","43.91 ","积灰","","研发刀具","常规","","","","","","","","","","","","Fin!A133:AA133","I133: Range of  fin  pitch     (Just for sample) 原文为 ""1.1-1.2""，不能作为单一数值使用；Y133: 本分区该列没有表头，保留原值，未猜测字段含义；Z133: 本分区该列没有表头，保留原值，未猜测字段含义"
"主表","B127","390117","0.08","16","13.03","0.03","13","1.8","","0.45","10.0 ","11.2","1.65","45","8","","","Available","","AA3003Mod-H14SR","(AA4343)10±2% for each side","20.84 ","","","研发刀具","常规","","","","","","","","","","","","Fin!A134:AA134","I134: Range of  fin  pitch     (Just for sample) 原文为 空白，不能作为单一数值使用；Y134: 本分区该列没有表头，保留原值，未猜测字段含义；Z134: 本分区该列没有表头，保留原值，未猜测字段含义"
"主表","B208","310208","0.08","16","8.13","0.03","8","2","","≤0.9","","7","1.35","40","10","HF50010A Rev.00","保留","Available","","AA3003Mod-H14SR","(AA4343)10±2% for each side","18.76 ","","","家电","常规","","","","","","","","","","","","Fin!A135:AA135","I135: Range of  fin  pitch     (Just for sample) 原文为 空白，不能作为单一数值使用；J135: R 原文为 ""≤0.9""，不能作为单一数值使用；K135: Louver Length (Full) 原文为 空白，不能作为单一数值使用；Y135: 本分区该列没有表头，保留原值，未猜测字段含义；Z135: 本分区该列没有表头，保留原值，未猜测字段含义；F135: 焊前高度减焊后高度不等于原表钎焊变化量；三个原值均保留"
"主表","B213","310213","0.08","25.4","11.45","","","2.1 ","12","0.2&0.7","","10.5","1.1","45","20","HX-BH9-0000
Rev.S0","保留（蛇形管）","Available","","AA3003Mod-H14SR","(AA4343)10±2% for each side","28.14 ","","","家电","无图纸","","","","","","","","","","","","Fin!A136:AA136","F136: Change During Brazing 原文为 空白，不能作为单一数值使用；G136: Fin Height Post-Brazing 原文为 空白，不能作为单一数值使用；I136: Range of  fin  pitch     (Just for sample) 原文为 12，不能作为单一数值使用；J136: R 原文为 ""0.2&0.7""，不能作为单一数值使用；K136: Louver Length (Full) 原文为 空白，不能作为单一数值使用；Y136: 本分区该列没有表头，保留原值，未猜测字段含义；Z136: 本分区该列没有表头，保留原值，未猜测字段含义；I136: 片距范围列为单一数字，范围含义及单位需核对；Z136: 原表存在使用、制造或图纸限制，请保留原文并核对当前状态"
"主表","B214","310214","0.1","25.4","14.9","","14.9","2.1","","0.2&0.7","","14","1.1","45","20","HX-BJ1-0000
Rev.S0","保留（蛇形管）","Available","","AA3003Mod-H14SR","(AA4343)10±2% for each side","28.36 ","","","家电","常规","","","","","","","","","","","","Fin!A137:AA137","F137: Change During Brazing 原文为 空白，不能作为单一数值使用；I137: Range of  fin  pitch     (Just for sample) 原文为 空白，不能作为单一数值使用；J137: R 原文为 ""0.2&0.7""，不能作为单一数值使用；K137: Louver Length (Full) 原文为 空白，不能作为单一数值使用；Y137: 本分区该列没有表头，保留原值，未猜测字段含义；Z137: 本分区该列没有表头，保留原值，未猜测字段含义"
"主表","B219","310219","0.08","16","6.05","","","1.2 ","21","≤0.45","","4.7","0.9","34","12","HX-BJ2-0000","","Available","","AA3003Mod-H14SR","(AA4343)10±2% for each side","31.26 ","","","家电","无图纸","","","","","","","","","","","","Fin!A138:AA138","F138: Change During Brazing 原文为 空白，不能作为单一数值使用；G138: Fin Height Post-Brazing 原文为 空白，不能作为单一数值使用；I138: Range of  fin  pitch     (Just for sample) 原文为 21，不能作为单一数值使用；J138: R 原文为 ""≤0.45""，不能作为单一数值使用；K138: Louver Length (Full) 原文为 空白，不能作为单一数值使用；Y138: 本分区该列没有表头，保留原值，未猜测字段含义；Z138: 本分区该列没有表头，保留原值，未猜测字段含义；I138: 片距范围列为单一数字，范围含义及单位需核对；Z138: 原表存在使用、制造或图纸限制，请保留原文并核对当前状态"
"主表","B233","","0.2","38","2","","","4.2 ","","","","","","","","","","","","","","","","","阳光电源","","","","","","","","","","","","","Fin!A139:AA139","F139: Change During Brazing 原文为 空白，不能作为单一数值使用；G139: Fin Height Post-Brazing 原文为 空白，不能作为单一数值使用；I139: Range of  fin  pitch     (Just for sample) 原文为 空白，不能作为单一数值使用；J139: R 原文为 空白，不能作为单一数值使用；K139: Louver Length (Full) 原文为 空白，不能作为单一数值使用；L139: Louver Length (Overall) 原文为 空白，不能作为单一数值使用；M139: Louver Pitch 原文为 空白，不能作为单一数值使用；N139: Louver Angle 原文为 空白，不能作为单一数值使用；O139: Louver Number 原文为 空白，不能作为单一数值使用；Y139: 本分区该列没有表头，保留原值，未猜测字段含义；B139: Code/ERP 空白或为说明文字；未补造编号，原文保留"
"主表","B234","","0.15","50","9.5","","","4.0 ","","","","","","","","","","","","","","","","","阳光电源","","","","","","","","","","","","","Fin!A140:AA140","F140: Change During Brazing 原文为 空白，不能作为单一数值使用；G140: Fin Height Post-Brazing 原文为 空白，不能作为单一数值使用；I140: Range of  fin  pitch     (Just for sample) 原文为 空白，不能作为单一数值使用；J140: R 原文为 空白，不能作为单一数值使用；K140: Louver Length (Full) 原文为 空白，不能作为单一数值使用；L140: Louver Length (Overall) 原文为 空白，不能作为单一数值使用；M140: Louver Pitch 原文为 空白，不能作为单一数值使用；N140: Louver Angle 原文为 空白，不能作为单一数值使用；O140: Louver Number 原文为 空白，不能作为单一数值使用；Y140: 本分区该列没有表头，保留原值，未猜测字段含义；B140: Code/ERP 空白或为说明文字；未补造编号，原文保留"
"穿管模具","B136","无图纸","0.1","","","","","","","","","","","","","","","","","","","","","","","","","21","","","","","","","","","","Fin!A143:AA143","H143: 片距 原文为 空白，不能作为单一数值使用；I143: 片距范围 原文为 空白，不能作为单一数值使用；L143: 扁槽长度 原文为 空白，不能作为单一数值使用；N143: 开窗角度 原文为 空白，不能作为单一数值使用；O143: 开窗个数 原文为 空白，不能作为单一数值使用；B143: Code/ERP 空白或为说明文字；未补造编号，原文保留；B143: 原表存在使用、制造或图纸限制，请保留原文并核对当前状态"
"穿管模具","B136L","无图纸","0.1","","","","","","","","","","","","","","","","","","","","","","","","","21","","","","","","","","","","Fin!A144:AA144","H144: 片距 原文为 空白，不能作为单一数值使用；I144: 片距范围 原文为 空白，不能作为单一数值使用；L144: 扁槽长度 原文为 空白，不能作为单一数值使用；N144: 开窗角度 原文为 空白，不能作为单一数值使用；O144: 开窗个数 原文为 空白，不能作为单一数值使用；B144: Code/ERP 空白或为说明文字；未补造编号，原文保留；B144: 原表存在使用、制造或图纸限制，请保留原文并核对当前状态"
"穿管模具","B150","310150","0.1","","","","","1.2 ","1.2~1.5","","","","","","","B150-M001","","","","MOP-B01","","","","","","","","21","","","","2.1","","10.1","","","","Fin!A145:AA145","I145: 片距范围 原文为 ""1.2~1.5""，不能作为单一数值使用；N145: 开窗角度 原文为 空白，不能作为单一数值使用；O145: 开窗个数 原文为 空白，不能作为单一数值使用；J145: 本分区该列没有表头，保留原值，未猜测字段含义；B145: Code/ERP 310150 对应多个型号：B0f、B150；未合并或覆盖"
"穿管模具","B150L","3101501","0.1","","","","","1.2 ","1.2~1.5","","","","","30","20","B150L-M001","","","","MOP-B01","","","","","","","","21","","","","2.1","7.6","10.1","1.16","","","Fin!A146:AA146","I146: 片距范围 原文为 ""1.2~1.5""，不能作为单一数值使用；J146: 本分区该列没有表头，保留原值，未猜测字段含义；K146: 本分区该列没有表头，保留原值，未猜测字段含义；M146: 本分区该列没有表头，保留原值，未猜测字段含义"
"穿管模具","B150H","3101502","0.1","","","","","1.2 ","1.2~1.5","","","","","36","20","B150H-M001","","","","MOP-B01","","","","","","","","21","","","","2.1","7.6","10.1","1.16","","","Fin!A147:AA147","I147: 片距范围 原文为 ""1.2~1.5""，不能作为单一数值使用；J147: 本分区该列没有表头，保留原值，未猜测字段含义；K147: 本分区该列没有表头，保留原值，未猜测字段含义；M147: 本分区该列没有表头，保留原值，未猜测字段含义"
"穿管模具","B151","3901000","0.1","","","","","1.7 ","1.7~2.1/2.6~3.0","","","","","","","B151-M001","","","","MOP-B01","","","","","","","","21","","","","","","10.1","","","","Fin!A148:AA148","I148: 片距范围 原文为 ""1.7~2.1/2.6~3.0""，不能作为单一数值使用；N148: 开窗角度 原文为 空白，不能作为单一数值使用；O148: 开窗个数 原文为 空白，不能作为单一数值使用"
"穿管模具","B152","390260","0.1","","","","","1.2 ","1.2~1.5","","","","","","","B152-M001","","","","MOP-B01","","","","","","","","21","","","","2.1","7.6","10.1","","","","Fin!A149:AA149","I149: 片距范围 原文为 ""1.2~1.5""，不能作为单一数值使用；N149: 开窗角度 原文为 空白，不能作为单一数值使用；O149: 开窗个数 原文为 空白，不能作为单一数值使用；J149: 本分区该列没有表头，保留原值，未猜测字段含义；K149: 本分区该列没有表头，保留原值，未猜测字段含义"
"穿管模具","B152H","390264","0.1","","","","","1.2 ","1.2~1.5","","","","","","24","B152H-M001","","","","MOP-B01","","","","","","","","21","","","","2.1","7.6","10.1","","","","Fin!A150:AA150","I150: 片距范围 原文为 ""1.2~1.5""，不能作为单一数值使用；N150: 开窗角度 原文为 空白，不能作为单一数值使用；J150: 本分区该列没有表头，保留原值，未猜测字段含义；K150: 本分区该列没有表头，保留原值，未猜测字段含义"
"穿管模具","B160","390220","0.1","","","","","1.2 ","1.2~1.5","","","","","36","28","B160-M001 ","","","","MOP-B01","","","","","","","","17","","","","2.15","","9.5","1.18","","","Fin!A151:AA151","I151: 片距范围 原文为 ""1.2~1.5""，不能作为单一数值使用；J151: 本分区该列没有表头，保留原值，未猜测字段含义；M151: 本分区该列没有表头，保留原值，未猜测字段含义"
"穿管模具","B160L","390237","0.1","","","","","1.2 ","1.2~1.5","","","","","","","B160L-M001","","","","MOP-B01","","","","","","","","17","","","","2.15","","9.5","","","","Fin!A152:AA152","I152: 片距范围 原文为 ""1.2~1.5""，不能作为单一数值使用；N152: 开窗角度 原文为 空白，不能作为单一数值使用；O152: 开窗个数 原文为 空白，不能作为单一数值使用；J152: 本分区该列没有表头，保留原值，未猜测字段含义"
"穿管模具","B161","390174","0.1","","","","","1.2 ","1.2~1.5","","","","","","","B161-M001","","","","MOP-B01","","","","","","","","18","","","","2.1","","10.1","","","","Fin!A153:AA153","I153: 片距范围 原文为 ""1.2~1.5""，不能作为单一数值使用；N153: 开窗角度 原文为 空白，不能作为单一数值使用；O153: 开窗个数 原文为 空白，不能作为单一数值使用；J153: 本分区该列没有表头，保留原值，未猜测字段含义"
"穿管模具","B161H","390181","0.1","","","","","1.2 ","1.2~1.5","","","","","36","24","B161H-M001","","","","MOP-B01","","","","","","","","18","","","","2.1","","10.1","1.1","","","Fin!A154:AA154","I154: 片距范围 原文为 ""1.2~1.5""，不能作为单一数值使用；J154: 本分区该列没有表头，保留原值，未猜测字段含义；M154: 本分区该列没有表头，保留原值，未猜测字段含义"
"穿管模具","B162","390188","0.1","","","","","1.2 ","1.2~1.5","","","","","","","B162-M001","","","","MOP-B01","","","","","","","","24","","","","2.1","","10.1","","","","Fin!A155:AA155","I155: 片距范围 原文为 ""1.2~1.5""，不能作为单一数值使用；N155: 开窗角度 原文为 空白，不能作为单一数值使用；O155: 开窗个数 原文为 空白，不能作为单一数值使用；J155: 本分区该列没有表头，保留原值，未猜测字段含义"
"穿管模具","B162H","390195","0.1","","","","","1.2 ","1.2~1.5","","","","","36","28","B162H-M001","","","","MOP-B01","","","","","","","","24","","","","2.1","","10.1","1.1","","","Fin!A156:AA156","I156: 片距范围 原文为 ""1.2~1.5""，不能作为单一数值使用；J156: 本分区该列没有表头，保留原值，未猜测字段含义；M156: 本分区该列没有表头，保留原值，未猜测字段含义"
"穿管模具","B163","310163","0.1","","","","","1.7 ","1.7~2.1/2.6~3.0","","","","","","","B163-M001","","","","MOP-B01","","","","","","","","24","","","","2.1","7.6","10.1","","","","Fin!A157:AA157","I157: 片距范围 原文为 ""1.7~2.1/2.6~3.0""，不能作为单一数值使用；N157: 开窗角度 原文为 空白，不能作为单一数值使用；O157: 开窗个数 原文为 空白，不能作为单一数值使用；J157: 本分区该列没有表头，保留原值，未猜测字段含义；K157: 本分区该列没有表头，保留原值，未猜测字段含义"
"穿管模具","B165","390208","0.1","","","","","1.2 ","1.2~1.5","","","","","","","B165-M001","","","","MOP-B01","","","","","","","","24","","","","2.1","","","","","","Fin!A158:AA158","I158: 片距范围 原文为 ""1.2~1.5""，不能作为单一数值使用；L158: 扁槽长度 原文为 空白，不能作为单一数值使用；N158: 开窗角度 原文为 空白，不能作为单一数值使用；O158: 开窗个数 原文为 空白，不能作为单一数值使用；J158: 本分区该列没有表头，保留原值，未猜测字段含义"
"穿管模具","B165H","390214","0.1","","","","","1.2 ","1.2~1.5","","","","","36","32","B165H-M001","","","","MOP-B01","","","","","","","","24","","","","2.1","","12","1.1","","","Fin!A159:AA159","I159: 片距范围 原文为 ""1.2~1.5""，不能作为单一数值使用；J159: 本分区该列没有表头，保留原值，未猜测字段含义；M159: 本分区该列没有表头，保留原值，未猜测字段含义"
"穿管模具","B648","316480","0.09","","","","","1.2 ","1.2~1.5","","","","","30","28","B648-M001","","","","MOP-B01","","","","","","","","17","","","","","","8.2","1.18","","","Fin!A160:AA160","I160: 片距范围 原文为 ""1.2~1.5""，不能作为单一数值使用；M160: 本分区该列没有表头，保留原值，未猜测字段含义"
"穿管模具","B658","316580","0.09","","","","","1.2 ","1.2~1.5","","","","","","","B658-M001","","","","MOP-B01","","","","","","","","17","","","","","","8.2","","","","Fin!A161:AA161","I161: 片距范围 原文为 ""1.2~1.5""，不能作为单一数值使用；N161: 开窗角度 原文为 空白，不能作为单一数值使用；O161: 开窗个数 原文为 空白，不能作为单一数值使用"
"东升设备（模具存在，但基本无法使用）","B0k","310200","0.07","16","8.11","0.01","8.1","1.4","1.2~1.6","≤0.45","5.8 ","7","1.4","27","8","B0i-M001  Rev.S0","","Available","","AA3003Mod-H14SR","非复合铝箔","18.29 ","H1161","OK","研发刀具","常规","","","","","","","","","","","","Fin!A163:AA163","I163: Range of  fin  pitch     (Just for sample) 原文为 ""1.2~1.6""，不能作为单一数值使用；J163: R 原文为 ""≤0.45""，不能作为单一数值使用；Y163: 本分区该列没有表头，保留原值，未猜测字段含义；Z163: 本分区该列没有表头，保留原值，未猜测字段含义；A162: 东升设备（模具存在，但基本无法使用）；A162: 本分区未重列尺寸表头，按主表对应列保存，正式映射前需确认"
"东升设备（模具存在，但基本无法使用）","B209","310209","0.1","16","14.9","","","2","12.7","≤0.45","","13.7","1.13","35","12","HX-Be6-0000
Rev.S1","保留（蛇形管）","Available","","","","","","","家电","无图纸","","","","","","","","","","","","Fin!A164:AA164","F164: Change During Brazing 原文为 空白，不能作为单一数值使用；G164: Fin Height Post-Brazing 原文为 空白，不能作为单一数值使用；I164: Range of  fin  pitch     (Just for sample) 原文为 12.7，不能作为单一数值使用；J164: R 原文为 ""≤0.45""，不能作为单一数值使用；K164: Louver Length (Full) 原文为 空白，不能作为单一数值使用；Y164: 本分区该列没有表头，保留原值，未猜测字段含义；Z164: 本分区该列没有表头，保留原值，未猜测字段含义；I164: 片距范围列为单一数字，范围含义及单位需核对；Z164: 原表存在使用、制造或图纸限制，请保留原文并核对当前状态；A162: 东升设备（模具存在，但基本无法使用）；A162: 本分区未重列尺寸表头，按主表对应列保存，正式映射前需确认"
"东升设备（模具存在，但基本无法使用）","B3p","313131","0.08","20.6","8.13","","","2.5 ","10","≤0.9","","7","1.5","45","12","BF2","保留","","","","","","","","家电","无图纸","","","","","","","","","","","","Fin!A165:AA165","F165: Change During Brazing 原文为 空白，不能作为单一数值使用；G165: Fin Height Post-Brazing 原文为 空白，不能作为单一数值使用；I165: Range of  fin  pitch     (Just for sample) 原文为 10，不能作为单一数值使用；J165: R 原文为 ""≤0.9""，不能作为单一数值使用；K165: Louver Length (Full) 原文为 空白，不能作为单一数值使用；Y165: 本分区该列没有表头，保留原值，未猜测字段含义；Z165: 本分区该列没有表头，保留原值，未猜测字段含义；I165: 片距范围列为单一数字，范围含义及单位需核对；Z165: 原表存在使用、制造或图纸限制，请保留原文并核对当前状态；A162: 东升设备（模具存在，但基本无法使用）；A162: 本分区未重列尺寸表头，按主表对应列保存，正式映射前需确认"
"东升设备（模具存在，但基本无法使用）","B3m","313129","0.08","20.6","11.45","","","2.0 ","12.7","≤0.35","","10.6","1.5","45","12","HX-BF1-0000
Rev.S0","保留","","","","","","","","家电","无图纸","","","","","","","","","","","","Fin!A166:AA166","F166: Change During Brazing 原文为 空白，不能作为单一数值使用；G166: Fin Height Post-Brazing 原文为 空白，不能作为单一数值使用；I166: Range of  fin  pitch     (Just for sample) 原文为 12.7，不能作为单一数值使用；J166: R 原文为 ""≤0.35""，不能作为单一数值使用；K166: Louver Length (Full) 原文为 空白，不能作为单一数值使用；Y166: 本分区该列没有表头，保留原值，未猜测字段含义；Z166: 本分区该列没有表头，保留原值，未猜测字段含义；I166: 片距范围列为单一数字，范围含义及单位需核对；Z166: 原表存在使用、制造或图纸限制，请保留原文并核对当前状态；A162: 东升设备（模具存在，但基本无法使用）；A162: 本分区未重列尺寸表头，按主表对应列保存，正式映射前需确认"
"横插翅片","B139","","0.1","","","","","1.4","1.1-1.4","","","","","27","14","","","","","","","","","","","","","33.1","","","","","","25.4","","8","2","Fin!A169:AA169","I169: 片距范围 原文为 ""1.1-1.4""，不能作为单一数值使用；B169: Code/ERP 空白或为说明文字；未补造编号，原文保留"
"横插翅片","B176","","0.1","","","","","1.2","1.2-1.6","","","","","27","10","","","","","","","","","","","批量模具","","33.1","","","","","","25.4","","12","2","Fin!A170:AA170","I170: 片距范围 原文为 ""1.2-1.6""，不能作为单一数值使用；Z170: 本分区该列没有表头，保留原值，未猜测字段含义；B170: Code/ERP 空白或为说明文字；未补造编号，原文保留"
"横插翅片","B177","","0.1","","","","","1.2","1.2-1.6","","","","","27","10","","","","","","","","","","","","","33.1","","","","","","25.4","","12","2","Fin!A171:AA171","I171: 片距范围 原文为 ""1.2-1.6""，不能作为单一数值使用；B171: Code/ERP 空白或为说明文字；未补造编号，原文保留"
"横插翅片","B178","","0.1","","","","","1.2","1.2-1.4","","","","","27","18","","","","","","","","","","","","","40","","","","","","32","","9","2","Fin!A172:AA172","I172: 片距范围 原文为 ""1.2-1.4""，不能作为单一数值使用；B172: Code/ERP 空白或为说明文字；未补造编号，原文保留"
"横插翅片","B183","","0.1","","","","","1.2","1.2-1.6","","","","","27","18","","","","","","","","","","","","","33.1","","","","","","25.34","","12","2","Fin!A173:AA173","I173: 片距范围 原文为 ""1.2-1.6""，不能作为单一数值使用；B173: Code/ERP 空白或为说明文字；未补造编号，原文保留"
"横插翅片","B184","","0.1","","","","","1.2","2.0-2.4","","","","","0","0","","","","","","","","","","","","","30.4","","","","","","22.7","","12","2","Fin!A174:AA174","I174: 片距范围 原文为 ""2.0-2.4""，不能作为单一数值使用；B174: Code/ERP 空白或为说明文字；未补造编号，原文保留；I174: 片距不在原表样品片距范围内；未替换片距或范围"
